:100000008020002091210000197800007D2100004F
:100010007D2100007D2100007D2100000000000006
:100020000000000000000000000000000D230000A0
:100030007D21000000000000A52200007D210000BD
:100040009D2400009D2400009D2400009D240000AC
:100050009D2400009D2400009D2400009D2400009C
:100060009D2400009D2400009D2400009D2400008C
:100070009D2400009D2400009D2400009D2400007C
:100080009D2400009D2400009D2400009D2400006C
:100090009D2400009D2400009D2400009D2400005C
:1000A0009D2400009D2400009D2400009D2400004C
:1000B0009D2400009D2400009D2400009D2400003C
:1000C0009D2400009D2400009D2400009D2400002C
:1000D0009D2400009D2400009D2400009D2400001C
:1000E0009D2400009D2400009D2400009D2400000C
:1000F0009D2400009D2400009D2400009D240000FC
:1001000053B94AB9002908BF00281CBF4FF0FF317E
:100110004FF0FF3000F00CB8ADF1080C6DE904CEE3
:1001200000F010F8DDF804E0DDE9022304B07047C8
:10013000704700BF034613F8012B002AFBD1181AA1
:10014000013870472DE9F04786468C460846089EE0
:10015000154674461946002B40F0C2808542B2FA1B
:1001600082F245D94AB1C2F1200300FA02FC2EFA0C
:1001700003F3954043EA0C0C94404FEA154EA8B2A5
:10018000BCFBFEF8230C0EFB18CC08FB00F943EA7D
:100190000C43994528D9EB1808F1FF3704D299454B
:1001A00002D9A8F102072B44A3EB0903A4B2B3FBC5
:1001B000FEFC0EFB1C330CFB00F044EA0344A0429F
:1001C00014D92C190CF1FF3304D2A04202D9ACF19E
:1001D00002032C44241A43EA07401EB1D4400023F2
:1001E00034607360BDE8F0874746DDE76346F1E7BA
:1001F00092BB431B01214FEA154EAFB2B3FBFEFC8D
:10020000200C0EFB1C330CFB07F840EA0343984517
:1002100062D9EB180CF1FF3004D2984502D9ACF149
:1002200002002B44A3EB0803A4B2B3FBFEFC0EFBBD
:100230001C330CFB07F744EA0344A7424ED92C19A0
:100240000CF1FF3304D2A74202D9ACF102032C44D3
:10025000E41B43EA0040C0E7C2F1200320FA03F1A7
:10026000954090402EFA03F303434FEA154EAFB288
:10027000B1FBFEFC0EFB1C10190C0CFB07F841EA4D
:100280000041884504FA02F422D969180CF1FF30C4
:1002900004D2884502D9ACF102002944A1EB08013F
:1002A0009BB2B1FBFEFC0EFB1C110CFB07F743EAF3
:1002B00001439F420ED9EB180CF1FF3104D29F424B
:1002C00002D9ACF102012B44DB1B41EA004192E769
:1002D0006046E3E76146F7E76046A3E76346B7E7B2
:1002E000834206D916B9002108467BE7C6E900E03B
:1002F000F9E7B3FA83F78FB9834201D3724508D87F
:10030000BEEB020460EB030301209C461EB90021F2
:1003100068E73846FAE7C6E9004CF8E7C7F1200C71
:10032000BB4022FA0CF41C432EFA0CF120FA0CF319
:10033000B84001434FEA14490EFA07F5B3FBF9F848
:100340001FFA84FE09FB18300B0C08FB0EFA43EA77
:1003500000439A4502FA07F240D9E31808F1FF304A
:1003600004D29A4502D9A8F102002344A3EB0A0360
:1003700089B2B3FBF9F809FB183308FB0EFE41EA1A
:1003800003418E452CD9611808F1FF3304D28E4504
:1003900002D9A8F10203214443EA0040A0FB0298DD
:1003A000A1EB0E014145CE46434602D306D14D4551
:1003B00004D2B9EB020E68EB04030138002EA6D07C
:1003C000B5EB0E0261EB030101FA0CFC22FA07F314
:1003D0004CEA0303F940C6E9003198E74046C5E717
:1003E0004346D9E72DE9F0478AB002AF724A734815
:1003F000032107F03CF9724808F06AFA48B9714ADB
:100400006E48012107F033F94FF47A7006F007FCCB
:10041000FAE76B4807F1080104F07CFD034620B1C0
:10042000694A6648012107F02BF9654804F09CFEF3
:10043000034620B1654A6148012107F021F964496A
:100440005F486B2204F0B4FE034620B1614A5B486A
:10045000012107F015F93C7A8CB95F4A574803210E
:1004600007F005F902235D4A5548214608F0E8F9EE
:10047000034620B15A4A5148012107F001F9504E74
:10048000DFF86081DFF8349107F10905002415F8E1
:10049000013FA24601346BB1BA1D5FFA8AF13046C2
:1004A00008F0EFF960B3504A0090534643480121E9
:1004B00007F0F0F8062CEAD1BC7C002C40D1FB7C84
:1004C000002B6AD13B7D23B1484A3C48032107F009
:1004D000CEF84FF4FA6006F0A2FB454A37480321F4
:1004E00007F0C5F8364804F0E5FF0346414A3348B3
:1004F000012107F0C5F84FF47A7006F090FBFAE797
:10050000FB88EA464E218AB013FB01F102AA42F2AF
:10051000107CD36191FBFCF313620CFB13110A23D3
:1005200091FBF3F10623C2E90584516242F8103FC2
:100530004FF443510346484600F0F0FFD546B9E773
:100540002D4A1E48022107F092F81D4808F074F960
:10055000B0F81B305A0092B2002A08BF0222110ADA
:10056000C2760177154800920321244A07F092F8D9
:10057000FC7C94B93B7D23B11C4A1048032107F051
:1005800076F80F4804F06CFE03460028A1D01C4A00
:100590000A48012107F074F89BE71A4A074803212B
:1005A00007F065F83B7D23B1104A0448032107F0AA
:1005B0005EF8002CE5D18CE7A8920000AC8F00001B
:1005C000B48D0000C4920000F69200002E9300004B
:1005D00020950000429300005A9300001E950000F1
:1005E00091930000CC930000A7930000F5930000C6
:1005F000BE940000EF9400000E9400004B940000A5
:10060000A6940000789400002DE9F04F91B0840783
:10061000009302F004030293C2F3C20303F1010347
:10062000DDF86880039205460E46059340F0BA81D6
:10063000041D30B1072909D86FF01B0011B0BDE8C7
:10064000F08F01F007063444C6F10806009B4FF016
:100650000009591E4FF0040A4FF0FF330193CDF803
:1006600010904F46CB4653460DB1009A2260059834
:10067000002800F3E8809848009A824203D3974804
:100680008242C0F0E080039AA4EB050E92074FEA85
:100690009E0000F103810F2F00F2B180002D00F0C9
:1006A000058107F140020DEB020C019A0CF8200CB9
:1006B0000CF8102C049801300490E7E07A285DD8FB
:1006C0004B280ED8472859D829282DD8252852D06C
:1006D00054D820287AD02338D0F1000B4BEB000BF4
:1006E00074E04C382E2849D8DFE800F070484848BC
:1006F00048484848484848484B4848484848484877
:100700004859484B4B595959704B6D487048184BD4
:10071000184848827F4B48484B487F0000204FF0E4
:10072000000B4FF0040A38E02A38C0B2012202FA66
:1007300000F010EA0E0F49D110F0625C2FD110EAE0
:10074000020B43D06046013C5444B4FBFAF40AFB6C
:1007500004F4002D61D0A3EB050CA444B4453FF68E
:100760006BAF002868D1042B47D158F8043B2360B5
:10077000043404232AE0019A013A01924FF0000B5D
:1007800024E011F8010C6C2834D111F8023C00204F
:100790006C2B8346C5D14FF0080A5346D3E708F1C6
:1007A000070828F007080734F8E802AB24F007042C
:1007B00035B106982044B0423FF63EAFC4E900ABE5
:1007C00008344FF0000B4FF0080A534611F8010FA0
:1007D000002878D0BBF1000F7FF470AF2528F5D149
:1007E000019B013301934FF0010B4FF0040AECE73A
:1007F000584694E700208346A5E7082B02D06FF007
:1008000015001BE708F1070828F00708F8E802239D
:10081000C4E9002308340823D8E768B9042B02D1BF
:1008200008F10408A4E7082BE9D108F1070828F02B
:10083000070808F10808EDE7059A013A059258F80B
:10084000042B009210E7039A900720D5A4EB050E25
:100850004FEA9E004FF0010CBEF5007FCFD20F2F64
:10086000CDD8F5B107F140020DEB020EC0B2019AEE
:100870000EF8200C0EF8102CBCF1000F3FF41AAF4C
:1008800060F07F000EF8200C09F101090137C5F175
:100890000802043406924FF6DA7E97E74FF0000C18
:1008A000DAE7BCF1000F01D00136EFE7029802361B
:1008B0000028EBD10098CDE90631FFF73BFCDDE9DC
:1008C00006310644E2E7631BB3F5806F97D23DB96A
:1008D000A6F10804E018B1E6E88C0000DCA10000F5
:1008E000029A28609B082B709DF81030C2B1EB7003
:1008F00085F80290B9F1000F05D008A80022C5F1D3
:10090000010C97420ED1C5F101030DF120084FF003
:10091000000A01930DF1300B574512D1601B8DE693
:100920006B70E5E710F8013B190608D50CEB040ED7
:10093000B64503F07F033FF67FAE04F8013B01327A
:10094000DFE7B9F1000F03D098F90020002A17DB88
:10095000029BD3B11AF80B2004F8012B0022019B53
:1009600018191044B0423FF667AE98F8000004F83A
:10097000010B00990392204608F01AF9039A1444D7
:100980000AF1010A08F10108C6E798F8002055F8B5
:1009900022300093029B45F822300098FFF7CAFBF3
:1009A000421CDCE76FF00D0048E600BF2DE9F04F78
:1009B00097B000AF90F802A0D7F880B03B62CBF3BD
:1009C000C0030446FA62BB61894641B945780078A4
:1009D0000AEB800020444D4517D8A0EB0409E378CA
:1009E000FB61BAF1000F02D01BF0010F16D1FB69B9
:1009F00053BBFB6A1BB13A6A4946204698474D46AD
:100A000028465C37BD46BDE8F08F461C3046FFF7F0
:100A100091FB0130304409F10109DCE72378626879
:100A20007A62FA6A9900796104EB8301002A40F046
:100A300000814D460E4601EB0A094FF000084E4575
:100A40004CD101EB0A0610E01BF0020FD1D0237845
:100A50009A007A6162687A62FA6A04EB8301002A7A
:100A600077D14D4601EB0A0690461BF0050F0CBFEF
:100A700002230123FB62FB6906EB430A0BF002032E
:100A8000BB625645BCD016F8021B16F8013C54F860
:100A90002390994B994502D3984B994536D3BB691E
:100AA000002B40D0786A06F0DBF900283BD0E946FD
:100AB0008AB06A46924B53617B6AC2E906314FF4B1
:100AC000007313848F4B42F8103F8F4800234FF47C
:100AD000125100F023FD023DCD46D2E716F8013B4E
:100AE000F96254F82300FFF725FBD7F88430F96A40
:100AF00001304BB1D7F8883098453EBFD7F88430E5
:100B000023F8180008F10108054498E7BB6923B1F0
:100B1000786A06F0A5F90028C9D11BF0010F05D1AC
:100B2000FB6AED1AADE7BB6A002BAAD04846FFF777
:100B300001FBD7F8843053B1D7F8883098453FBFD0
:100B4000D7F88420431C22F8183008F10108054426
:100B500097E7BAF1000F72D01BF0040672D0D046AE
:100B6000002607F1480052463B61B96208F020F8C0
:100B7000B96A3B6901EB0A02BA62FA69F969520083
:100B8000FA60BA6A02EB41023A610BF00202BA6003
:100B90003A69B96A8A4257D162787A621BF0020FC9
:100BA00032440CBF4FEA580100211BF0010FD2B2B2
:100BB00040F09F801BF0040F14BF40460020BB6133
:100BC0006270A070E1703A6A7969FB6A20469847C2
:100BD000051EFFF615AFBB6923707B6A6370FB6966
:100BE000E37041463A6AFB6A84F802A007F14800C4
:100BF0009847B0F10008C0F2BB807B693A6AA9EB64
:100C00000A01C91AFB68C91AD7E90A0398470028DC
:100C1000C0F2B080A84408EB00054FF0000B07F1CC
:100C2000380AB34572D300213A6AFB6A08469847EE
:100C3000E6E656464FF0000807F1380093E75646BF
:100C4000D04697E7B04695E7BA6A12F8021BBA6237
:100C500012F8015C284A54F82500904202D3274A32
:100C600090421ED3BA6932B1786A7B6006F0F8F818
:100C70007B6800288CD1BA6802BB08F1280207F112
:100C8000300C08F10100944407F1580252FA80F048
:100C900008F102080CF8101C5FFA88F800F8105CE4
:100CA00076E7BA693AB1786A7B6006F0D9F87B6872
:100CB00000287FF46DAF1BF0010F09D006F1280268
:100CC00007F13000711C161806F8205CCEB25FE701
:100CD0001BF0040F3FF45CAF08F1280207F130006D
:100CE00008F1010102EB000808F8105C5FFA81F8D6
:100CF0004EE7002063E700BFE88C0000DCA10000A5
:100D00008F95000004000001B48F00001BF80A302A
:100D100087F8373054F82390D7F884302BB3D7F8BE
:100D200088309B4521D2D7F8843033F81B803A6A4B
:100D3000FB6A012107F13700984700281ADB0544B8
:100D4000B8F1000F06D14846FFF7F4F900F10108A9
:100D50001FFA88F83A6AFB6A4146484698470028D5
:100D600008DB05440BF1010B5BE74FF00008DEE701
:100D7000454645E6054643E6014B1860704700BF0F
:100D8000C004002080B505460E461746984605F07B
:100D9000A7F9034607F09EFFDFF81890044649F8CC
:100DA0000030424630463946A84754F8090001F061
:100DB00063FA00BF080000002DE9F047058B0446E8
:100DC0002807904611D4022905F0070540F0CC8091
:100DD000204606F0DAFA78B10138218B042811D8C0
:100DE000DFE800F0C2106D85950001290CBF45F0C9
:100DF000100545F02005258388F31188BFF36F8F18
:100E0000BDE8F08701F0070AAA4500F0A580002799
:100E1000B9463E46A368002B00F0BC8041F00801B3
:100E2000218388F31188BFF36F8FA168002900F038
:100E3000BA800D68002900F0B680D1F804803346EE
:100E400052462046C047002D76D02B6829461D46C5
:100E5000F0E701F007035A1F012A1BD8002221F0F6
:100E60000701062B276889B2C4E9002209D13B4655
:100E700003E0628B013262831B68002BF9D141F0E1
:100E800002012183204606F080FA00287AD041F042
:100E9000200176E0042B0AD121F0070189B22183D9
:100EA000204606F072FA10B141F020012183218B17
:100EB00001F0070AAA454FD00027B946AAE72369DF
:100EC00021F0070141F00601062DD3F8009021839F
:100ED0002DD1B9F1000F3FD041F00801218388F3F3
:100EE0001188BFF36F8F3A492046C84729E021F0A7
:100EF0000701236941F0040189B2042DD3F804905D
:100F00002183E6D000273E464FF0040A82E721F015
:100F10000701236941F0050189B2052DD3F8089036
:100F20002183D6D000273E464FF0050A72E70027FE
:100F30003E464FF0060A6DE72B4687E7B9F1000FF2
:100F4000D1D1EFF31188202383F31288BFF36F8F81
:100F5000238B23F008032383258BEA062ED525F067
:100F60001003238305F007056669218B002EBFF669
:100F700070AF00232768C4E9003321F0070141F076
:100F800001012183218B01F0070AAA454FF00009D6
:100F90007FF440AF002F9CD041F00801218388F3FB
:100FA0001188BFF36F8F002FC8D03D683946334694
:100FB0005246204606F015FA2F46F4E7AB067FF5B9
:100FC0001BAF25F02003238305F0070500E700BFD2
:100FD0000F7400002DE9F047DFF8588004460746FB
:100FE0004FF0010914B93846BDE8F08794FAA4F52A
:100FF000B5FA85F509FA05F32E0108EB05156FEA38
:10100000030A24EA03042B7B002BEBD058F80630AC
:101010001B694BB94644042273682846196807EADD
:101020000A0700F067FADDE7284698470028D9D17B
:10103000F0E700BF1490000030B51049104889B0A7
:10104000002207F08DFD0F4D0F4900220023CDE94E
:10105000062300240E23CDE90334CDE901440B4BD4
:1010600000944FF44072284604F0A0FD0849284639
:1010700004F016FD204609B030BD00BF95100000F9
:10108000A00A0020E8050020800F0020991300002E
:1010900043960000014804F0A9BC00BFD40500201D
:1010A0002DE9F04780461F480F4606F05AFA0646DB
:1010B000002830D000252846BDE8F087237B6BB19F
:1010C0002368DB680BB12046984723681B69D3B9B6
:1010D000636804221968204600F00CFA01361034C7
:1010E0004C45EBD3B8F1000FE5D0002DE2D02846F7
:1010F000FFF770FF0546002FF7D000214FF4A470D2
:1011000007F0D5FCF1E7204698470028E0D00AFA1E
:1011100006F31D43E2E7044CDFF8109005464FF05C
:10112000010ADDE7380D0020149000003490000023
:10113000014B53F820007047BC90000008B50346EF
:1011400008462BB1044A136000F07EFC002008BD65
:101150006FF01500FBE700BFC404002010B5044C7D
:10116000237813B9034804F041FC0123237010BD18
:10117000540F0020D405002010B504460B4806F09B
:10118000F0F95CB1BFF35B8F094B53E8001F0139E5
:1011900043E80012002AF8D1BFF35B8F054807F03F
:1011A000EBFC0548BDE8104004F020BC300D0020E9
:1011B000340D0020A00A0020D40500200020064B9A
:1011C000BFF35B8F014653E8000F43E80012002A8B
:1011D000F9D1BFF35B8F7047300D002070B5FFF77A
:1011E000EDFF084C084E0546B44200D370BD63685D
:1011F0005B792BB123685B6813B129462046984779
:101200001034F1E7149000003490000010B5044C45
:101210000449204605F052FF034B1C6010BD00BF7F
:1012200098050020A8900000280D0020084A0948D1
:1012300008B500231370084A1360084A4FF40041B0
:101240001360FFF77BFFBDE80840FFF7DFBF00BF7B
:10125000550F00205F750000300D0020340D002078
:10126000014600220148002305F049BF98050020EF
:10127000014805F0E2BF00BF98050020024B01467F
:10128000186806F02EB800BF280D0020014806F0AF
:1012900063B800BF9805002070B5284B1878002867
:1012A0004BD0FFF7E5FF054690B1BFF35B8F244BB2
:1012B00053E8001F013943E80012002AF8D1BFF3B8
:1012C0005B8F204C204EB4422DD32846FFF7D6FF2B
:1012D0001E4B1F4C1B68002B19DD07F03FFC4FF421
:1012E0007A72A0FB020302FB0131C30BD4E9002098
:1012F00043EA41439B1A4FEAD13140F2E93261EBB4
:101300000001934271F1000101D3FFF767FFD4E9B7
:10131000003213F57A7342F10002C4E90032BDE8ED
:101320007040FFF7B3BF63685B7923B12368294638
:101330001B68204698471034C5E770BD540F002045
:10134000340D00201490000034900000300D002077
:10135000980A002070B50D4D297861B90120FFF77A
:101360009FFE0B4C0B4EB44206D3FFF795FF0028AF
:10137000FBD101232B7070BD63685B791BB12368BF
:1013800020469B6898471034EDE700BF550F0020BA
:10139000149000003490000000212DE9F047084629
:1013A000FFF77EFE044658B340F267684FF000092D
:1013B00007F090FC1B4B1C4A1B58136033B11B4BAE
:1013C0001B68092B02DD1A4804F010FB194FDFF8E7
:1013D00060A0002544B12046FFF7FCFD044618B983
:1013E0004FF0FF384FF0FF39FFF756FF064628B998
:1013F000B5B942464B46504604F02CFB3546E9E76A
:101400004FF0FF384FF0FF39D2E72B689B691BB1D3
:1014100000221146284698471035BD42F5D3E8E72B
:10142000054DFAE7080000002C0D0020340D0020C7
:10143000D4050020349000001490000013B5184823
:1014400006F08FF8174B1B7873B1EFF3118420234C
:1014500083F31288BFF36F8FFFF71EFF84F31188A9
:10146000BFF36F8F02B010BD0F4B1B68002BF9D07C
:1014700050B900220023CDE900230C484FF400426C
:10148000002305F009F9EDE70928EBD1074807F03B
:1014900073FB074802B0BDE8104004F0A7BA00BFD4
:1014A000340D0020550F00202C0D0020A00A002034
:1014B000D405002010B5064B1B680446984721460A
:1014C000A060044805F09AFEBDE81040FFF7B6BFE3
:1014D000C404002098050020044A054B9B1AB1EB78
:1014E000D30F34BF52F8310000207047AC8F00009A
:1014F00014900000084BC31A10B41B114468013348
:10150000237143689A7143681960436801225A71D4
:1015100010BCFFF723BE00BF149000002DE9F04F70
:101520008FB004AFC1F34A28B8600D4691467B6086
:101530000C0DB8F1000F63D0002607F114034FF033
:10154000040B4FF00A0AC7F80C80C7E907667E62F1
:101550000193CDF808B0CDF800A007F11C03F9689D
:1015600032464846FFF722FAB0F5006F03461CD317
:101570006C468AB0D9F8041004AB2648C3E90501CB
:1015800040F2FF71D9611A464FF400711984224B61
:1015900042F8103F214833464FF41251FFF7BEFF87
:1015A000A5462C37BD46BDE8F08FC0F30A0804F10C
:1015B0001700184420F0070080083B60FFF750FE3A
:1015C00068F35325044690B13B68154AC7E90836CD
:1015D00000F1100107F11403F961CDE900A3CDF882
:1015E00008B0F96807F11C034846FFF7DFF968F314
:1015F00053257B68B9682A46204605F0E8FFD0E706
:1016000004F1170020F007008008FFF729FE0446C8
:10161000EDE700BF5896000004000001D48F0000E1
:10162000A37500002DE9F04F87B0DDE91279DDE9FF
:10163000105A0446039193469846BFB1CDF80090E6
:101640003B46524610210020CDF81490FEF7DCFFF7
:10165000B0F5006F06460AD3184A194840F2FF73E6
:10166000022107B0BDE8F04F06F00AB83E4605F18A
:101670001700304420F0070004F007048008FFF74B
:10168000EFFD0BF0070BE40044EA8B1444EA462418
:1016900044EA0554054640B13FB1CDF800903B46C1
:1016A000524631461030FEF7AFFF039943462246BB
:1016B000284607B0BDE8F04F05F089BF97960000B7
:1016C000D48F0000406820B1034BC01A40F3CF0014
:1016D00070474FF0FF307047AC8F00000EB403B579
:1016E00003AB014653F8042B0448019301F05EF864
:1016F00002B05DF804EB03B0704700BFE376000072
:10170000CA0605D48B064CBF02490349FFF7E6BF62
:10171000704700BFD0960000CF9600002DE9F04F33
:1017200089B09B46149B06939DF84CA0159B05938E
:10173000169B179E049304460D469046BAF1000F7F
:1017400000F09D8006F48073079305F028FF06F0F3
:101750000209024600283ED091492046FFF7BEFF0D
:101760000746B9F1000F08D016F0440F35D18D4966
:101770002A462046FFF7B2FF074406F0010353B1A3
:10178000894B8A4953F82A20894B2046002A08BFF2
:101790001A46FFF7A3FF06F48073002B49D006F02A
:1017A0000803002B63D1B8F1000F66D0814942468F
:1017B0002046FFF793FF0546069B3D44002B6DD165
:1017C000049B002B73D1F30700F1E48031462046DF
:1017D000FFF796FFD8E00746C3E7774B1868002865
:1017E000CAD0764B4FF47A791B68B5FBF3F54FF40A
:1017F0006163B5FBF0F100FB115509FB05F54FF0F6
:101800003C0CB1FBF3F203FB1211B5FBF0FEB1FB94
:10181000FCF300FB1E550CFB131109FB05F50091B1
:10182000B5FBF0F56649CDE901E52046FFF756FF27
:10183000A2E706F00803EBB1624B634953F82A2094
:101840002046FFF74BFF0546B8F1000F05D0594978
:1018500042462046FFF742FF0544BBF1000FABD0E4
:101860005A495A462046FFF739FF0544A4E74FF08E
:10187000000BE1E706F00805E6E745469CE7BBF10B
:10188000010F069B06D1002B64D1049B002B7BD05B
:1018900000250CE0002BF8D04D485CE04D48069B3D
:1018A0004D49224605F0ABFA049B002B68D0DFF8C7
:1018B0002C81DFF82C91049F3146102F204628BF41
:1018C0001027FFF71DFF4FF0000B5D4545DC059B22
:1018D00049461A782046FFF701FF4FF0010B1BF035
:1018E000070F03D141462046FFF7F8FE5F453BD97D
:1018F000059B494613F80B202046FFF7EFFE0BF13E
:10190000010BBBF1100FEAD1364920464FF0000B16
:10191000FFF7E4FE5A46059B9A5CA2F120015F297D
:1019200028BF2E2230492046FFF7D8FE0BF1010BCD
:10193000BBF1100F1DD01BF0070F03D1414620460D
:10194000FFF7CCFE5F455A46E5D841462046FFF7F3
:10195000C5FEEBE71F485546A1E741462046FFF785
:10196000BDFE0BF1010BB0E720492046FFF7B6FEA4
:10197000C5E7059B3B440593049BDB1B04939AD16D
:10198000BAF1000F7FF41FAF204609B0BDE8F04F59
:1019900005F09ABE064A05492046FFF79FFE15E767
:1019A000D7960000DB960000CC900000BF9C0000A2
:1019B000D296000000970000400D00203C0D002052
:1019C000E4960000E0900000049700000A970000F1
:1019D00019770000E3760000AD270000179700009C
:1019E0000F970000199700001B9700001597000043
:1019F00073B542F20F738B4228BF0B4605680F4A3E
:101A000004460521684604F081FE63680C495B6862
:101A100006460B22284605F049FE636832466946B1
:101A200028465B6805F042FE636806495B681B2236
:101A3000284605F03BFE02B070BD00BFC993000010
:101A40003A9700001E970000074A002101239042A8
:101A500006D8064A01B901231360054B1860704788
:101A600040085B000121F2E740420F003C0D0020DE
:101A7000400D0020014B01221A707047560F0020C4
:101A8000014B002019607047580D00200148FFF7F6
:101A9000AFBF00BF1091000010B5064B18680C4690
:101AA000FFF746FB21460346BDE8104002480F22DF
:101AB000184700BF580D002010910000F8B5094DDF
:101AC000094B0A4ED5E9004701221A700CB92C6067
:101AD000F8BD214630463A4600F01EF8241A064466
:101AE000F4E700BF4C0D0020570F0020580F0020D6
:101AF00010B9074B18707047064B1B781BB141F2A9
:101B0000883006F0E0BEA420002106F0D0BF00BF60
:101B1000560F0020570F00202DE9F047DFF878908E
:101B20001E4F80460E46042499F80050A5B906F0D1
:101B3000FEF9324682464146284602F0BDFF054680
:101B4000504606F0FCF9E5B101233B7099F80030EE
:101B500073B93046BDE8F08732464146002002F0B6
:101B6000ABFF0546EFE72046FFF7C2FF651E2C4698
:101B7000002003F02BF80028EBD03B78002BF2D1AB
:101B8000E7E73B78002BE4D0013C2046FFF7B0FFAD
:101B90003B78002BC8D1DCE7570F0020560F002000
:101BA000F8B5074F0D4604464618B44201D1284601
:101BB000F8BD14F8011BBB6801485B689847F4E75F
:101BC0008C8D0000014B0360002070475491000091
:101BD00008B5044805F06BF9BDE80840024805F077
:101BE00066B900BF90970000C59700002DE9F04747
:101BF000064600AF0C46002936D0E9468AB0D1E946
:101C00000012A3686D462148A8464FF0050AC5E9B1
:101C10000501C5E9072348F810AF1D4842460023D7
:101C20004FF42151FFF77AFCCD46D4E903126369E2
:101C3000AD461848C5F810A0C5E90501C5E9072358
:101C40001348002342464FF42151FFF767FCCD466D
:101C5000E369114A0E48012105F012FDA3690F4AFC
:101C60000B48012105F00CFD012E07D1EFF3058390
:101C70000B4A0748103B314605F002FD214630462D
:101C800003F048FCBD46BDE8F08700BFF3970000B5
:101C9000FC8F00002298000051980000609800001E
:101CA0008E98000030BFFFF7FDBF00BF2DE9F04167
:101CB0000B4EDFF8308006EB0807CC1B054632469A
:101CC0000949204606F074FFA01942460021083C4D
:101CD00006F07CFFC5F8A44007F10800BDE8F081DC
:101CE000000000000400000078900000074A93689C
:101CF00093F90E10002907DB526993421FBF044A73
:101D0000536843F080535360704700BF200F00209A
:101D100000ED00E070B5294C06460D4628482949DB
:101D200005F081FDA36AD9043CD52548264905F074
:101D30007AFD1720A36A1A0504D52148234905F026
:101D400072FD18201D4CA36A9B0512D51C48204922
:101D500005F069FDA36BA26A100409D51D4A184855
:101D6000012105F08DFC1EB1A36A23F40043A36298
:101D70001920124CA36A590504D51148164905F0DB
:101D800052FD1A20A36ADA050ED50D48134905F055
:101D90004AFD1B20094A936A43F47F439362002360
:101DA0002B7070BD1620C5E7A36A9B04F2D50448CA
:101DB0000B4905F038FD1C20ECE700BF00ED00E00A
:101DC000FC8F0000A1980000B7980000C8980000A0
:101DD000DB980000F49800000999000024990000A5
:101DE0003C99000010B5204C2049214805F01BFD0E
:101DF000A36A990136D51E481E4905F014FD1E2020
:101E0000A36ADA0104D51A481B4905F00CFD1F200E
:101E1000154CA36A1B0304D51548184905F003FDAA
:101E20002120A36A590304D51148154905F0FBFC8C
:101E300022200D4CA36A9A0304D50D48114905F0E0
:101E4000F2FC2320A36ADB0304D509480E4905F000
:101E5000EAFC2420044A936A6FEA03436FEA1343BF
:101E6000936210BD1D20CBE700ED00E06B990000F0
:101E7000FC8F00008399000096990000B099000043
:101E8000CE990000F39900000D9A00002DE9F84367
:101E9000364D8046894636483649174605F0C3FC1C
:101EA000AB6ADE0627D53449314805F0BCFC112465
:101EB000AB6A1D0704D531492D4805F0B4FC122446
:101EC0002A4DAB6A980718D52D49294805F0ABFC77
:101ED0006E6BAB6A190646D52A4A2548334601215E
:101EE00005F0CEFBB9F1000F03D0AB6A23F08003FD
:101EF000AB62132403E01024DAE76FF015061B4DE4
:101F0000AB6ADA0704D52049194805F08CFC142483
:101F1000AB6A9B0604D51D49154805F084FC1524C1
:101F2000124B9A6AD50602D49A6A90070AD55B6862
:101F3000190507D54146304600F066FA10B180F326
:101F400009880224094B9A6A920642BF5A6A22F40F
:101F500000525A629A6A42F0FF029A6200233B7072
:101F60002046BDE8F8836FF01506C2E700ED00E0FB
:101F7000FC8F0000389A00004E9A0000C8980000BC
:101F8000819A0000999A0000AF9A00003C990000E5
:101F90002DE9F041664B8AB0D3F8048000AF0446C7
:101FA000C8F30805002686F31188BFF36F8F02F08F
:101FB0007F43B3F17F4F07D102F00C03082B12D1FE
:101FC0005C495D4805F02FFC002634460023FB7178
:101FD000EB1E092B00F28A80DFE803F00A80837C85
:101FE00088888888888610074CBF0C460126EDE754
:101FF000524951484E4D05F016FC0023FB71EB6A27
:102000009A0705D54E494C4805F00DFC002332E0F7
:10201000EB6A002B01DA4B49F5E7EB6A5B00F5D57B
:102020004949454805F0FFFB6B69A26943F4807399
:102030006B61BFF34F8FBFF36F8F6B6932F8022C68
:1020400023F480736B61BFF34F8FBFF36F8F4DF637
:1020500002739A4208D0AB6ADBB273B3FA1D012156
:102060002046FFF713FF37E02368384A3248012142
:1020700005F006FB2368FA79DAB907F1080504F1DF
:10208000200C206861682A4603C20834644515465E
:10209000F7D17A6A002E45D0C2F3080121B96FEA60
:1020A00052226FEA42227A6207F108011846FFF7CE
:1020B0009DFD2837BD46BDE8F081AB6A13F47F4F24
:1020C00004D0F91D0120FFF725FE05E0AB6AB3F54A
:1020D000803F9BD3FFF786FE0346CCE7FA1D002125
:1020E000BEE7F91D0020EEE719498CE7194A1A4BA3
:1020F00018F4F87FE8468AB018BF13466A461749B5
:10210000C2E905134FF400731384103D144BD561DD
:1021100042F8103F084800234FF41151FFF7FEF931
:10212000C54673E722F4FF7222F00102BBE700BF4D
:1021300000ED00E0FC9A0000FC8F0000279B0000EF
:102140003E9B00005F9B00006D9B00008C9B00008D
:10215000A89B0000E39A0000CE9A0000CC9B0000F0
:1021600004000001044B5A6942F010025A615A6996
:1021700022F008025A61704700ED00E0EFF308809A
:10218000EFF3098101B57246FFF702FF01BD00BF01
:10219000002080F31488BFF36F8F114880F3088804
:1021A00000201049087001F0C7FB00200E490860AC
:1021B000BFF34F8F00F02EF8202080F311880B48DA
:1021C0004FF40461401880F30988EFF31480022172
:1021D000084380F31488BFF36F8F00F0DDF8000030
:1021E000802000206D0F002094ED00E0C012002040
:1021F0000749D1F890200023C2F3072218469342E2
:1022000000DB7047C1F89830C1F8A0000133F6E751
:1022100000ED00E008B572B6002383F31388FFF7E2
:10222000E7FF144B4FF0FF32C3F88020C3F884203F
:10223000C3F88820C3F88C20C3F89020C3F89420FA
:10224000C3F89820C3F89C20C3F88021C3F88421E8
:10225000C3F88821C3F88C21C3F89021C3F89421D6
:10226000C3F89821C3F89C2162B6BFF34F8FBFF328
:102270006F8F08BD00E100E0084B9B6883420BD1E3
:10228000EFF3058343B1064B5A6842F080525A601F
:102290005A6A22F400425A6203F028BF200F00203D
:1022A00000ED00E016498A684FF030001044EFF36B
:1022B000098C80E8F01F202080F31288BFF36F8F15
:1022C000104F4FF000664A698A603E604FF0A404E8
:1022D000141920680C4C2060D2F8A8000023C2F822
:1022E000A83080F3118804B5104600F0F5F8BDE879
:1022F000044002F1300090E8F01F8CF30988704729
:10230000200F002004ED00E0800D00201EF0040FDF
:102310000CBFEFF30880EFF30980816911F8021C0C
:102320000229FFD001B5724605F072FA01BD00BF67
:1023300040B2002807DB044A4109012300F01F00D6
:10234000834042F82130704700E100E0054B42092C
:1023500000F01F0053F82220012303FA00F0104080
:10236000704700BF00E100E040B20028A8BF00F1C4
:10237000604001F10101B8BF064B4FEA4111ACBF0B
:1023800000F5614000F00F00C9B2B4BF195480F8E5
:102390000013704714ED00E00B4A08B50B4B22F018
:1023A0007F029A60BFF34F8FBFF36F8FD3F88820FF
:1023B00022F47002C3F8882003F098F903F0C6FFF6
:1023C00000F060F803F0DAF90000000000ED00E032
:1023D00042F8203C009B42F81C3C0A49019B42F811
:1023E000183C029B42F8143C21F001014FF080732D
:1023F00042F8043C42F8081C0023203A0265C0F869
:10240000A8307047850D00000A4A0346906878B1ED
:1024100013F1160FD0F8940005D0A0F140029A42B3
:1024200005D8834203D2814228BF00207047002094
:10243000704700BF200F002008B515460A4A0B4B15
:102440009060D0F8A4201A600E4600F045F82C46A3
:1024500086F309880020064B984720460021002279
:102460000023044C204700BF200F0020800D0020D7
:1024700037780000850D0000014B10221A6170476B
:1024800000ED00E0044800232021C2180133302B66
:1024900082F80013F9D1704700E100E008B5EFF3CE
:1024A0000583064A103B02EBC30152F8330049682A
:1024B0008847BDE80840FFF719BC00BFC88D000081
:1024C000024B034A0348012100F08CB800000220AF
:1024D0000000002054910000D0F89420054B403AB1
:1024E0001A60054A4021C3E901121846012100F093
:1024F00083B800BF840D002000000B1508B503460B
:102500001048D0F89020C2F30722013A934207D92D
:102510000D480E4A012105F0B3F86FF0150008BD13
:10252000C0F898300A6822F01F021A4342F01002E5
:10253000C0F89C208A6842F00102C0F8A02018462A
:10254000EDE700BF00ED00E0EC8F0000E39B000032
:10255000F0B50E4685B01F4604460025B5420DDA9B
:10256000606810B397B1431E18420AD0104A114850
:102570002B46012105F084F86FF01502104605B0D6
:10258000F0BD1F28F2D921680B42EFD123680193D7
:1025900005F074F9A36801A90343D0B20393FFF7D0
:1025A000ADFF10F1160FE7D0421C01350C34D5E712
:1025B000099C0000EC8F0000044B0522C3F8942016
:1025C000BFF34F8FBFF36F8F704700BF00ED00E088
:1025D000BFF35F8F024B0022C3F89420704700BF07
:1025E00000ED00E010B5034C01232278FFF7B0FFA7
:1025F000207010BD690F002008B50B4A0023127827
:10260000FFF7A6FF10F1160F07D0084A0021D2F8F5
:102610009030C3F30723984200DB08BDC2F898004E
:10262000C2F8A0100130F2E7690F002000ED00E0D1
:102630002DE9F04357485849D0F890300D68C3F35E
:1026400007239D4285B000F2A180FFF7C1FF4968D2
:102650000022954201F10C011AD1504C504F2570C7
:102660006846FFF7AFFADFF83C81DFF83C91064699
:102670000025AE421FD1237846490020D1F8902092
:10268000C2F3072293427BDBFFF796FF00204CE06A
:10269000C0F8982051F80C3C23F01F03134343F07B
:1026A0001003C0F89C3051F8043C43F00103C0F81B
:1026B000A0300132CDE7009800EB05114FEA051C70
:1026C000CB683B40B3F5000F44D00AD8B3F5001FE8
:1026D0002ED0B3F5800F34D0B3F5801F10D0013564
:1026E000C7E7B3F1807F3ED0B3F1007FF7D150F858
:1026F0000C3088684A6805F0C1F840F4802009E091
:1027000050F80C3088684A6805F0B8F840F08850F6
:1027100040F43020039001A92078CDE90123FFF790
:10272000EDFE002828DA6FF0150005B0BDE8F08353
:1027300050F80C3088684A6805F0A0F840EA0800B4
:10274000E8E750F80C3088684A6805F097F840EAE6
:102750000900DFE750F80C3088684A6805F08EF809
:1027600040F08270D6E750F80C3088684A6805F06F
:1027700085F840F08870CDE7237801332370AEE709
:10278000C1F89830C1F8A000013377E74FF0FF306F
:10279000CBE700BF00ED00E060910000690F002072
:1027A0000000F0FF0000081100000207F0B587B03C
:1027B00007460E4614460021102268461D4606F0C4
:1027C00005FA02238DF802302A46054B0193214673
:1027D0006846CDE9047603F0C5FF07B0F0BD00BF41
:1027E0009D78000008B5024B1B689847002008BD83
:1027F000900D0020034B044A1860937843F00203C5
:1028000093707047900D0020D004002008B5064951
:10281000064821F00701C1F1005202F5003204F030
:1028200096FA002008BD00BFC7200020940D0020AC
:10283000044A0123C2F840354FF080420020C2F81C
:102840007835704700E0014020B1034B800143F030
:1028500001031847704700BFA0900000084B70B5F7
:10286000C31A0D4607499B100446594306484022A7
:1028700005F028F82B4601462046BDE87040184771
:10288000B40D0020B76DDBB6508D000073B50C4C55
:102890000C4A4023041B00930D460B460A49A41022
:1028A00061430646094805F038F8011E05DA30464E
:1028B0002B4602B0BDE87040184702B070BD00BFA3
:1028C000B40D002083790000B76DDBB6508D000099
:1028D00010B5EFF31184202383F31288BFF36F8FB9
:1028E000074A136823F00201DB07116002D40120BC
:1028F00005F0A3F984F31188BFF36F8F10BD00BFFB
:10290000040E0020002270B5012104461046FFF796
:102910002BFD0F4801F000F90E4B984215D101F044
:102920000BF926690C49304604F07EFD00280BDBCC
:10293000012535642469084904F11C0004F074FD84
:10294000002801DBE564002070BD6FF00400FBE7A8
:10295000552A00000000AD0B809100001FB5002239
:102960000123CDE90223094ACDF800D06B46CDF80A
:1029700004D004F0FFFF002805DB4FF48042002361
:10298000684603F067F805B05DF804FBA179000024
:1029900030B4104B0C2202FB003301460020D3E977
:1029A0000E529863EFF31180202484F31288BFF352
:1029B0006F8F1C6C04F0C00444F002041C6480F3AC
:1029C0001188BFF36F8F1DB12B46034830BC1847E9
:1029D00030BC7047B40D0020508D000010B4EFF3F0
:1029E0001182202383F31288BFF36F8F1748016889
:1029F00041F002040460C80707D482F31188BFF3D2
:102A00006F8F012010BC01F0A9B84FF08041D1F8C0
:102A10000C04D1F80C14C907EFD5EFF3118083F340
:102A20001288BFF36F8F0A490B6C03F0C00343F0A9
:102A300002030B6480F31188BFF36F8F82F3118858
:102A4000BFF36F8F002010BCFFF7A2BF040E002061
:102A5000B40D002010B1012804D07047034B1B6C4B
:102A60005B0701D1FFF794BF704700BFB40D002092
:102A70002DE9F0413849BFF35B8F0746012251E849
:102A8000003F41E800200028F9D1BFF35B8F33B944
:102A9000324933484B60CB608A6004F0D8FC7B1E1F
:102AA000012B2BD8012F07D14FF08043D3F81C34D2
:102AB00003F00303012B21D005F060FF0546F8B9B0
:102AC000284B1B78E3B14FF080430222C3F8082360
:102AD0000646DFF894804FF08044D4F81824D4F8E8
:102AE0001834D20315D503F00303012B01D0012FB5
:102AF0000FD155B386F31188BFF36F8FBDE8F08116
:102B0000EFF31186202383F31288BFF36F8F012523
:102B1000DFE7ADB1304604F0A2FED4F81835002B43
:102B2000DBD1D4F80421002AD7D0C4F80431D4F87A
:102B300004310123C4F81835C8F88031A360CCE70C
:102B40000021212005F0B3FFE7E74FF08043022288
:102B5000C3F80423D2E700BFB00D0020A00D002071
:102B6000D00D00206D0F002000E100E010B5044CF6
:102B70002046FEF701F92046FFF73CFE002010BD7D
:102B8000852B000073B5104E8DF807000446032511
:102B900001220DF10701002001F0FEFF20B1012309
:102BA0003370204602B070BD3378002BF9D0013D60
:102BB00008D005F0E3FE0028EAD10021422005F00C
:102BC00076FFE5E73570ECE76A0F002008B50748A7
:102BD00005F07EFE38B10648FFF70CFE0448FEF70C
:102BE000CBF8002008BD6FF01200FBE78C8D0000D1
:102BF000F52B00000A2838B5074D044604D1AB6810
:102C00000D215B6828469847AB6803485B68E1B2D2
:102C10009847204638BD00BF8C8D0000F0B5406855
:102C2000057B01F01F0444EA4514056987B0002DB7
:102C300064D0B2F5001F00F1100506D121462846E8
:102C400005F07BF8002007B0F0BD01AE0027B2F51B
:102C5000800F0197776039D1B3F1007F14BF05234E
:102C600004238DF804300023CDE9046303938368C3
:102C700023FA01F111F001011AD1B2F1A07F17D1AD
:102C800004F01F03620903F5E0732AD0012A3BD147
:102C90001F4A52F82330DB070AD40DF103063246EF
:102CA0002146284601F03AFA1A4B98421CD0029667
:102CB00003AA2146284601F0F3F8174B984220D189
:102CC00001222146284601F08DFABBE7B3F1C06F1F
:102CD00005D0B3F1007F14BF01230223C1E7032312
:102CE000BFE74FF0A042D4E73146284601F074FA1E
:102CF000094B9842DBD06FF00B00A4E76FF0850022
:102D0000A1E76FF015009EE751F82330FFDE00BF0A
:102D1000000300500400AD0B0000AD0B38B5456852
:102D20002B69B3B11035284601F046FA044680B944
:102D30000146284601F00CFA084B98420BD108498D
:102D40002246284601F0E4F9224605210620FFF735
:102D50000BFB002038BD6FF00400FBE70000AD0B5B
:102D6000652D0000420970B5034602D0012A17D034
:102D700070BD0D4E326951680029F9D003F01F0370
:102D800001250C689D400029F2D08A682A4002D0B3
:102D90004B68304698472CB1236821461C46F2E721
:102DA000024EE7E72346F8E7788D0000648D0000C7
:102DB0002DE9F043466840F20635D006337B87B0F4
:102DC00002EA050554BFC2F34010032001F01F07BB
:102DD000B5F5837F144647EA43178DF8030045D0C5
:102DE0000FD8062D18D007D8B5B1022D40D06FF0FE
:102DF000150007B0BDE8F083B5F5807FF7D1012558
:102E00000AE040F20222954234D0B5F5407F33D03B
:102E1000B5F5007FEBD102250123220303FA01F16E
:102E20002CD57368C3F80815326982BB07F01F03FD
:102E30007F0929D0012F77D13E4A02EB830284F427
:102E40008033D2F80017C3F30043C4F3404444EA8C
:102E5000430421F4E16144EA800421F0070144EADB
:102E600005230B43C2F800370020C2E70725D3E74C
:102E70000425D1E70525CFE70325CDE7630344BF4C
:102E80007368C3F80C15CFE74FF0A042D5E71036B2
:102E90000DF102023946304601F040F914F4403F8A
:102EA00080460CD13946304604F045FF224B984508
:102EB000DAD19DF80210304601F088F9D4E701AB71
:102EC0004FF0000903AA39463046CDE90439CDE96F
:102ED0000199CDF80C9000F0E3FF174B984286D192
:102EE00014F4003315D09DF803308DF80E3084F4BF
:102EF0008034C4F300444B4603AA394630468DF86B
:102F00000C508DF80D4001F085F80B4B9842CDD058
:102F10006DE7CDE9043303AA0DF1030339463046CA
:102F2000039300F0BDFFF0E703F5E07352F82330A0
:102F3000FFDE00BF000300500000AD0B02780B69FC
:102F4000012A08D0022A08D04AB9064A5A6203F177
:102F5000140002F04BBD044AF8E7044AF6E7044ABD
:102F6000F4E700BF0000AD0B0100AE0B0200AE0B9A
:102F70000100AD0B2DE9F04FD0F81090D0F804808F
:102F800085B005460C461746029309F1040A4FF036
:102F9000FF324FF0FF33504602F05CFD09F1140B95
:102FA00000230022584602F055FD404601F0D0FBB8
:102FB0007B1E00260393B74201D8002322E0039B27
:102FC000217AB34283BF237D83F00403C3F38003DC
:102FD00000230193029B0093D4E90023284600F0CC
:102FE0008FF8034670B94FF480420023584602F030
:102FF00031FD98B1404601F0BBFB284600F06EF869
:103000006FF004034046029301F0B2FB504602F019
:10301000EDFC029B184605B0BDE8F08FD9F82430CE
:10302000034A934204F10C04EAD10136C3E700BF1E
:103030000000AD0B98B5044640682346826900AF96
:1030400000F1080101F040FB0E4B984217D02368B5
:103050006C4688B06A460C49C2E905134FF4007308
:1030600093830A4B42F8103F094800234FF4E25182
:10307000FEF754FA6FF00F00A546BD4698BD00203C
:10308000FBE700BF0000AD0BA29C000003000001A5
:10309000CC8F000008B5CA07436800690AD4C1F3A1
:1030A0004202012A09D0022A0FD00A4A0A48012105
:1030B00004F0DDFA6FF0150006E01B684FF0CC72EB
:1030C000C3F824250160002008BD1B684FF0CD62C5
:1030D000F6E700BFC29C0000CC8F000008B5436833
:1030E0001B68D3F80805D3F80C1501F047FC034B17
:1030F000984214BF6FF00F00002008BD0000AD0B18
:103100002DE9F04186B00C4647689DF8348015469D
:10311000002112220DF106001E4605F057FDBDF8F4
:1031200030208DF8052004F0010314F008028DF81A
:1031300004300296049509D0124A1348012104F084
:1031400096FA6FF0850006B0BDE8F081A10705D4BE
:10315000B8F1000F11D1002BF3D1202201A938467C
:1031600001F022FB094B984209D00B3398420CBF67
:103170006FF00F006FF00400E5E74022EEE700205B
:10318000E1E700BFD49C0000CC8F00000000AD0B35
:10319000036803F01F025B09026004D0012B03489F
:1031A00018BF002070474FF0A04070470003005048
:1031B0002DE9F04FDFF86091DFF860A185B015468A
:1031C000834600EB810140F2FF18594503D10020EE
:1031D00005B0BDE8F08FDBF800305804C3F3C3221C
:1031E000C3F3080400F191801B0E19F802704445E6
:1031F00008BF4FF0FF34192B00F28A80DFE803F09C
:103200000D141A1D20261D888888883663888888B2
:10321000888888888888667C7F82C5F80C45621C0F
:103220005ED10BF1040BD0E7C5F81445631CF8D050
:1032300000265FE0C5F80845F1E7C5F81045F5E759
:10324000661CC5F80845ECD0002604E0601CC5F8F3
:103250000C45E6D0012603A80394FFF799FF039BD2
:10326000012202FA03F3C0F80C3508E0C5F808455E
:10327000002FDBD1631CD4D0002632460627DBF8B2
:103280000030019303F40040002818BF002203A877
:10329000009218BF01260394FFF77AFF039C019B5D
:1032A000009A00EB8400C3F3412CD0F800473B02A6
:1032B00043EA8C03134304EA0A04234343EA460324
:1032C000C0F80037ADE7C5F80C45D1E7C5F8604553
:1032D000621CDBF80030A4D0C3F30043002BB9D04C
:1032E00003A80394FFF754FF039B012606FA03F398
:1032F000C0F808353246C2E7C5F86445E8E7C5F8C6
:103300006845E5E7C5F86C45E2E76FF015005FE753
:103310006FF085005CE700BFFA9C0000F0F8FCFF4E
:103320002DE9F041044647680D4605F027FB4FF0B4
:10333000200888B9264B1B7873B16426606804F0B6
:10334000D4FBF0B9012004F012FC013EF6D10021BB
:10335000212005F0ACFBF0E7EFF31186314688F34E
:103360001288BFF36F8F606804F0BFFBA8B986F3C3
:103370001188BFF36F8FEFE786F31188BFF36F8F6C
:10338000E5E7EFF31186314688F31288BFF36F8FBC
:10339000606804F0AAFB0028EED0FB691D7063682A
:1033A000FA691B680020C3F844250122C3F84825A8
:1033B000C3F82001D3F82041C3F85801D3F85801CD
:1033C0009A6081F31188BFF36F8FBDE8F08100BF71
:1033D0006D0F0020F7B50546002201210220FEF7FF
:1033E000C3FF0220FEF7A4FF6B6818681A69C0F8D3
:1033F0002425997D5A7D0A43198B1B7D0B4313436A
:10340000C0F86C356E68D6E9004313F0010350D064
:103410002F6907F1080004F0B6FB334B984208D03F
:103420003248334A012104F022F96FF0040003B05E
:10343000F0BD387A04F10C0204F5907104F099FBA8
:10344000387A012707FA00F000F060FB0823C4F87F
:103450000035F369C4F844350023C4F84835A76043
:10346000D4F85831002BFBD00021C4F800156B684C
:10347000DC6801AA204604F00BFB002805DB019B59
:10348000226819791868FFF793FE6A6813680821A3
:10349000C3F80015117A51B9126AC3F83425012214
:1034A000C3F83825C3F81011D3F810111A600020A2
:1034B000BDE70822C4F80025F269C4F84425C4F821
:1034C00048350123A360D4F82031002BFBD0002322
:1034D000C4F82031D4F820310123E3604FF4807325
:1034E000C4F80433BCE700BF0000AD0B0C90000033
:1034F000029D000070B5012383400E4ABFF35B8F2D
:10350000DC4352E8001F01EA040542E80056002EA1
:10351000F7D1BFF35B8F4FF4803282400648C0F88A
:103520000823BFF35F8FBFF36F8F0B4214BF0120DF
:10353000002070BD300E00200010014070B40E4914
:10354000D1E90034D01AC31844F1000422F07F46B8
:10355000C1E90034A6F50013B3F5400F09D2074BBB
:103560001B681A0A1B069C19054B42F10005C3E9AA
:10357000004570BC02F0AABFE80A0020340E00200B
:10358000F00A002011B3BFF35B8F0123104A834080
:1035900052E800CF4CEA030C42E800C10029F7D101
:1035A000BFF35B8F0B4A4FF480338340C2F8043380
:1035B000094BBFF35B8F1B68BFF35B8FC340DB0717
:1035C00042BF064B4FF40032C3F80021704700BFE2
:1035D000300E0020001001402C0E002000E100E021
:1035E0000D4B1868010A0006BFF35F8F0B4BD3F831
:1035F0000435181841F10001B3F5801F0AD2084BB9
:10360000D3E90023904271EB030303D210F18070E1
:1036100041F10001704700BF340E0020001001404E
:10362000F00A00202DE9F04F85B016461F469DF8A0
:1036300040A00446FFF75EFF0190FFF7D1FFB042C4
:1036400071EB070354D23E4B301A67EB01019842ED
:1036500071F100014FD23B4B03EB0413D3E902237A
:103660009F4208BF96425ED037494FF4803804F13C
:10367000500508FA04F8AD00C1F848832046ADB201
:1036800004F064FA26F07F4B05F1804504F5A87339
:1036900005F58835DC464FF003090293029A2CF0B9
:1036A0007F4341F82230C1F84483D1F80435274ADA
:1036B0006FF00200C01A604420F07F40904232D97F
:1036C000286868B1D1F804350393A3EB0B0020F010
:1036D0007F40B0F5000F26D9204604F037FA039B4F
:1036E000BAF1000F07D109EB030C09F10109D5E785
:1036F000BAF1000F09D06FF0150520460199FFF7C8
:1037000041FF284605B0BDE8F08F0123104ABFF302
:103710005B8FA34052E8000F184342E800010029E4
:10372000F8D1BFF35B8F07490E98230101EB041218
:10373000C8500F9B5360C2E902670025DDE700BF58
:1037400001008000D80A002000100140FDFF7F002A
:103750002C0E00207FB51C4C1C4BC4F80833C4F859
:1037600048331B4B00254FF0FF304FF0FF31C4F8BA
:103770000855C3E902014FF48033C4F80433154BF4
:1037800002264FF400320121C4F804631120C3F86B
:1037900080212A46FEF7E8FD1120FEF7C9FD0E4AFA
:1037A0000123A360236013600C4B0D4A0093CDE905
:1037B000015500232846FFF735FF3046FFF758F93B
:1037C000284604B070BD00BF0010014003000F0088
:1037D000D80A002000E100E0300E00203D35000056
:1037E000FFFF7F002DE9F7432F4CD4F804339907EE
:1037F0000BD5D4F8043143B12C4A0023C4F804316A
:10380000D4F80431136801331360D4F80433DA03B5
:1038100029D5BFF35B8F264B53E8002F22F001011F
:1038200043E800100028F7D1BFF35B8FD30702D421
:10383000D4F84031BBB10025C4F84051D4F8403130
:10384000FFF7CEFEEFF31182202383F31288BFF33C
:103850006F8F184BD3E90267B042B94106D282F3A9
:103860001188BFF36F8F03B0BDE8F0834FF0FF38CE
:103870004FF0FF39C3E90289D3E900101D604FF40E
:103880008033C4F84833C4F84051D4F8403182F34F
:103890001188BFF36F8F0029E5D0009032463B4678
:1038A00028468847DFE700BF00100140340E0020A3
:1038B0002C0E0020D80A002030B5431C124C85B0D5
:1038C00005D08442A8BF0446012CB8BF0124FFF7ED
:1038D00087FE0E4B0C4DD3E90013401AB0F5000FD4
:1038E00010D22218AA4228BF2A4652184FF00000D0
:1038F00007490091CDE9010043F10003FFF792FE73
:1039000005B030BD2A46F0E7FFFF7F00E80A00203F
:103910003D35000008B5FFF763FE024B1B68C01A77
:1039200008BD00BFE80A0020024AD2F80034002B8C
:10393000FBD0704700E0014010B54FF08053D3F842
:1039400030210D2A55D14FF080410022C1F80C21C1
:10395000C1F81021C1F83825464AD3F80404C2F84A
:103960002005D3F80804C2F82405D3F80C04C2F8E3
:103970002805D3F81004C2F82C05D3F81404C2F8B3
:103980003005D3F81804C2F83405D3F81C04C2F883
:103990004005D3F82004C2F84405D3F82404C2F843
:1039A0004805D3F82804C2F84C05D3F82C04C2F813
:1039B0005005D3F83004C2F85405D3F83404C2F8E3
:1039C0006005D3F83804C2F86405D3F83C04C2F8A3
:1039D0006805D3F84004C2F86C05D3F84434C2F843
:1039E0007035D1F80034DB0709D56FF00103C1F859
:1039F00000344FF08053D3F830310D2B0CD14FF001
:103A00008053D3F834313BB14FF01023D3F8082260
:103A10004FF08043C3F858254FF01023D3F800220D
:103A2000002A03DBD3F80432002B22DA12490123E7
:103A30004FF01020C1F804351224FFF775FFC0F8CD
:103A40000042FFF771FFC0F80442FFF76DFF00234B
:103A5000C1F80435FFF768FFBFF34F8F0749084BE4
:103A6000CA6802F4E0621343CB60BFF34F8F00BF1C
:103A7000FDE710BD00C0004000E0014000ED00E0A7
:103A80000400FA0530B50468CCB1BFF35B8FB4FA1B
:103A900084F3C3F11F03DBB201229A4024EA02023D
:103AA00050E8005FA54204D140E8002CBCF1000FB3
:103AB000F6D1BFF35B8FE6D102480B7030BD0248F0
:103AC000FCE700BF0000AD0B0200AD0B10B50368B2
:103AD000CB40DB0714D401238B400268BFF35B8F1C
:103AE00043EA020150E8004F944204D140E8001C30
:103AF000BCF1000FF6D1BFF35B8FEED1014810BDD2
:103B00000148FCE70000AD0B0400AD0B014BC3F80E
:103B10000405704700F00140044B1A7922B90122D4
:103B200018601A710248704702487047380E00202A
:103B30000000AD0B0C00AD0B08B5074B1B682BB19B
:103B40000020FEF703FC08B9FEF7F2FB4FF08043BC
:103B50000022C3F8182508BD380E002010B510B19A
:103B6000012843D010BD4FF08043D3F81814D3F888
:103B70001824C80321D502F00303012B04D013B18C
:103B8000002004F002F800234FF080420220C2F827
:103B9000183508224FF4827303F180430021196025
:103BA00002F180421C6801241460154A12680AB3AD
:103BB0004FF08043C3F80403D4E7D3F81424D107AB
:103BC000E1D5D3F81C249207DAD40D4A12681AB151
:103BD0000222C3F80423C5E7D3F80421002AFBD04E
:103BE0000022C3F80421D3F80431BBE700224FF4CC
:103BF0008073D1E71A68002AFCD019601B68B1E70E
:103C0000380E0020F8B54FF08043184FD3F8044326
:103C10000125002604B9F8BDB4FA84F0C0F11F00F4
:103C2000830003F580739BB203F1804305FA00F231
:103C3000196892B224EA02040029EBD01E601B68C6
:103C40004FF08043022AC3F808230BD1D3F818148D
:103C5000D3F81814890705D1C3F81855C3F80423FD
:103C60009D60D7E73B68C0B29847D3E7380E002085
:103C7000036803F01F025B09026004D0012B0348B4
:103C800018BF002070474FF0A0407047000300505D
:103C9000034A430900F01F00D35C1844C0B27047C8
:103CA0003F9D000070B50546FFF7F2FF0C4C083051
:103CB0000E4634F81030DA0508D5C3F3432304EB7D
:103CC000C302284654F8333052689847A3682BB192
:103CD000E26831462846BDE87040184770BD00BF15
:103CE0000805002008B5FFF7D3FF034B083033F871
:103CF0001000400B08BD00BF0805002008B5FFF705
:103D0000C7FF034B083033F81000C0F3400008BD74
:103D10000805002008B5FFF7BBFF034B083033F858
:103D20001000C0F3401008BD08050020034611F044
:103D3000010010B5CCB20DD1A207C4F3400012D5DA
:103D4000094AD2F820055860C2F82005003818BF8B
:103D5000012008E04FF0A041D1F820251A60C1F8F9
:103D60002025002AE8D010BD0003005010B5FFF751
:103D70008FFF124A083032F81030D9051CD5C3F332
:103D8000432123F4F85322F8103002F10E040020EE
:103D900034F8023F13F4807F03D0C3F343239942E6
:103DA0000AD001302A28F3D1002342F831300448E8
:103DB000BDE81040FFF78ABE10BD00BF0805002017
:103DC00074050020F0B5054600200446012607468C
:103DD0008C420BD1114BD3F87C2132B10022C3F8B5
:103DE0007C21D3F87C3140F00040F0BDE3B29B0071
:103DF00003F580729B0806FA03F31D420BD002F113
:103E0000804202F5C042D2F800C0BCF1000F02D0DF
:103E10001760126818430134DAE700BF0060004001
:103E2000F7B506460846FFF733FF194F00F10805BE
:103E30000C4637F81530DB0727D5304603F057FF1F
:103E40002046FFF767FF40B12046FFF74BFF316880
:103E500000F5A270002341F820302046FFF786FFCE
:103E6000002301A827F815300194FFF701FF019BFB
:103E700000EB8300074BD0F80027134043F0020308
:103E8000C0F80037044803B0F0BD0448FBE700BFAA
:103E900008050020F0F8FCFF0000AD0B0400AD0B9E
:103EA0002DE9FF41164680460846FFF7F1FE0D4614
:103EB0003168044609B32846FFF720FF18B12846A9
:103EC000FFF728FF10BB0023CDE900338DF80E303B
:103ED0008DF80F300DF10F020B4628460DF10E0143
:103EE00003F0ADFE474A04F1080132F8113023F027
:103EF000020343F0010322F81130736863B32846CC
:103F00001F785968FFF7FAFE10B1D1B13E4826E09C
:103F10003C4A04F1080032F8103023F02003DB049F
:103F2000DB0C22F8103061B1032FEFD871684968BB
:103F300091F800C0D8F80010A7B90CF5A27C41F8A0
:103F40002C70304A04F1080132F8113023F01C03C0
:103F500043EA870322F81130B3684BBB2B4804B007
:103F6000BDE8F08101EB8C0143EA4C33D1F810E558
:103F70002EF0030EC1F810E5D8F8001001EB8C0EFE
:103F800043F02003DEF8101522F8103021F44F31F1
:103F900021F44071CEF810152902DEF8108501F4E5
:103FA0007C5141EA074141EA0801CEF81015C8E703
:103FB000D3E900672846FFF7D9FE002ECED0114D79
:103FC000D5E90023964203D19F4201D1002209E0A6
:103FD0000F480DF10F01FFF755FD0C4B9842BED174
:103FE0009DF80F2045F8326005EBC20308345F608E
:103FF00035F8143043EA422343F4807325F8143033
:10400000ACE700BF080500200400AD0B0000AD0BBD
:10401000740500202DE9F0430C4685B0804620460B
:1040200011461E46FFF734FE054629B32046FFF72A
:1040300065FE18B92046FFF76DFE18BB314F05F13C
:10404000080937F8193013F01C0F02D04B78012BF8
:1040500018D001238DF80F300023CDE900134A1C3E
:104060008B1C20460DF10F0103F0E9FD37F81930E4
:1040700043F0030327F81930002E41D02046FFF704
:104080003DFE18B9204805B0BDE8F08396F800C0A1
:10409000D8F800301B4F0CF5A272002143F8221013
:1040A00005F1080237F8121021F02001C904C90CEB
:1040B00027F8121075781DB3D8F80000B67800EB19
:1040C0008C002D04D0F8103523F4991323F4F85301
:1040D000C0F81035230203F47C5305F4403536054F
:1040E000D0F810E52B4306F4801641EA4C313343F7
:1040F00041F0200143EA0E0327F81210C0F81035F2
:104100000248C0E7080500200400AD0B0000AD0B1D
:10411000014BC3E9021270470805002010B508469C
:104120001446FFF7F7FD50B10846FFF7B1FD054B08
:10413000083033F8103004485B0B237010BD03487F
:10414000FCE700BF080500200000AD0B0400AD0B2C
:1041500070B5164D95F8744006462CBB2146542286
:1041600005F1100004F032FD30686E6E21468E427B
:104170000ED10023C0F87C31D0F87C3140F30730F9
:10418000FEF7D6F801230A4885F87430EB6670BD57
:10419000CBB29B0003F580727C2B08BF845001F1E9
:1041A000010108BF8358E2E70248F0E70805002054
:1041B0000000AD0B0C00AD0B034B93F874000038FE
:1041C00018BF0120704700BF080500200148FFF715
:1041D0007DBC00BF700500200148FFF753BC00BF45
:1041E0007005002073B503681646D3F80423002A2F
:1041F000A8BF4FF000420546A8BFC3F804230846F5
:104200000C46FFF787FD00B30846FFF777FD014630
:10421000D8B92046FFF766FD04B2A40004F5807209
:10422000034628688150296882582144D1F8102516
:1042300042F00102C1F810252EB12968012202FACC
:1042400003F3C1F8043302B070BD2046FFF720FD30
:104250000F4B083033F81030C3F38203042B12D015
:10426000052B12D001A80194FFF702FD019AD0F8A6
:104270001035D34003F00103991C204602B0BDE87D
:10428000704003F025BD0321F7E70221F5E700BFE9
:10429000080500202DE9F04F694BDFF8A881D3F81D
:1042A0000403D8F86410C0B289B040F00040FFF7B2
:1042B00089FD051E2FDAC24600235AF8701F06A892
:1042C000CDE90633FFF732FD5F4B01930DF118097D
:1042D0004FF0000B019A12F8013B0192DA0803F04B
:1042E00007031AF8022022FA03F3DA071CD409F1B3
:1042F0000409BBF1000F14D0D8F864104FF000404F
:10430000FFF760FDD8F8701006A8FFF70FFD002832
:10431000DAD125F000450124002D79D109B0BDE89E
:10432000F08F4FF0010BD5E7484B5B440293D9F86F
:1043300000100029DBD0029B91FAA1F11C78B1FAA0
:1043400081F141EA44142046FFF7A2FC08300594AD
:1043500038F81070C808BB0819F80020039301F062
:104360000701012303FA01F122EA010209F8002002
:1043700005A8FFF77DFC059A039B02F5E072C7F3E1
:10438000820650F822205B073746C2F3014224D54B
:1043900020463946D6B2FFF785FC05A80594FFF7FD
:1043A00067FC059B03F5E07350F82330C3F301432A
:1043B0009E4207D10021204603F08AFC3146204668
:1043C00003F086FC05A80594FFF752FC059B01222B
:1043D00002FA03F3C0F82035A9E7022A0CD1032121
:1043E000204603F075FC06F00503012BEAD139469F
:1043F0002046FFF757FCE5E702212046039203F031
:1044000067FC032EF3D0039A032ADBD1022EEDE7DB
:1044100095FAA5F3B3FA83F304FA03F29B0003F1D0
:10442000804303F5C04325EA0205D3F81005D3F80D
:104430001015C0F30520C1F30141FFF733FC6BE712
:1044400000600040080500204F9D00004F9D0000C7
:1044500001460148FFF716BB8005002030B500F08B
:104460001F04400911D0012812D10C4800EB840030
:104470001B02D0F800570A4C43EA82022C4042EA61
:1044800041012143C0F8001730BD4FF0A040EDE7D7
:1044900004F5E074002353F82430FFDE00030050DD
:1044A000F0F8FCFFCB7B10B433B9D1E900420368CC
:1044B000C3F80845C3F80C2503688A68C3F82425A7
:1044C00003793C225343054AD3582BB1006810BCF2
:1044D00040F30730FDF72CBF10BC7047400E0020A2
:1044E00013B53B4B01930023C0F80431D0F80421ED
:1044F000C0F82431D0F82421C0F81C31D0F81C2198
:10450000C0F80831D0F80821C0F800324B6381F8B8
:104510002F300123036291F82D209A4218BF836047
:104520004B6B8A6A934204460ED24A6AD35CC0F847
:104530001C350B6803B340F286238B608B682548DB
:10454000C4F8043302B010BD91F82C3013B101232C
:10455000C361EEE70B6A13F0400F4FF0010316BF83
:10456000C361436181F82D30E3E7204603F0E7FBA8
:1045700028B1019B013B0193019B002BF5DC91F8D5
:104580002F305BB91348019B002BDBDC0023C4F800
:10459000003505231048C4F80035D3E7D4F8C434F7
:1045A000C4F8C4348BB10D4A0B4813F0010F18BF87
:1045B000104613F0020F02F1010218BF104613F06B
:1045C000040F074B18BF1846DDE70348DBE700BFC1
:1045D000A08601000000AD0B0100AD0B0000AE0B8A
:1045E0000200AE0B13B5334B01930023C0F8043126
:1045F000D0F80421C0F82431D0F82421C0F81C31AF
:10460000D0F81C21C0F80831D0F808214B6381F89C
:104610002F308B6A012B044617D10B6A5B0614D42A
:104620000223C4F800320123236291F82D20022ACC
:1046300018BF23600B688BB140F286238B608B68B8
:104640001D48C4F8043302B010BD0123E9E7204639
:1046500003F075FB28B1019B013B0193019B002BEB
:10466000F5DC91F82F305BB91348019B002BEADC95
:104670000023C4F8003505231048C4F80035E2E7EC
:10468000D4F8C434C4F8C4348BB10D4A0B4813F0C9
:10469000010F18BF104613F0020F02F1010218BFFC
:1046A000104613F0040F074B18BF1846DDE7034808
:1046B000DBE700BFA08601000000AD0B0100AD0BE1
:1046C0000000AE0B0200AE0B2DE9F84390F8049009
:1046D0001C4E07463C2000FB09F035180C4695F8A7
:1046E0002E1061BBA96032506B6085F82D1085F8E3
:1046F000311085F83010CCB1637B85F8383094F8F0
:104700000E8085F83980B8F1000F0BD120680623A0
:1047100003224146FFF7A2FE6068062303224146BA
:10472000FFF79CFE21463846FFF7BCFE3C2303FB07
:1047300009660548012386F82E30BDE8F883034852
:10474000FBE700BF400E00200000AD0B0C00AD0BDE
:10475000036802790521C3F80015044B3C2101FBD5
:104760000233022283F82E20704700BF400E002043
:1047700003680B4A0179C3F80823D3F8002222F01A
:104780000302C3F800220022C3F80025054B3C2099
:1047900000FB0133012183F82E1083F8302070478D
:1047A00086420400400E00202DE9F047314F047985
:1047B000D0F800903C2303FB04730D4693F82D3092
:1047C000012B944604D10B78012B06D12A4811E025
:1047D000022B02D10B78012BF8D13C26274BC9F8CC
:1047E000083306FB047696F830302BB1B3682448C2
:1047F000C9F80433BDE8F0878CF00403C3F38003E9
:1048000086F83030C6F820C0A846B8E80F0006F198
:104810000C0EAEE80F00D8F80030CEF800306B6810
:10482000B362EB6873626B78C9F888352B78C4EB98
:10483000041A012B07EB8A0A17D09BB9CCF3401C52
:104840003C2303FB04735146484683F82CC0FFF712
:1048500047FE3C235C433A193B59002BCAD182F8EE
:104860003030C7E74FF0010CEAE751464846FFF702
:10487000B9FEEEE7400E00200500AD0B86420400B5
:104880000B00AD0BF0B5324C324887B0214603F037
:1048900056FA002859D194F82F70FFB9227B931E45
:1048A000012B1BD8606AA369984217D1E369636240
:1048B0006369A362236A274884F82D70C3F3401309
:1048C000032A84F82C3004D107B0BDE8F040FFF78C
:1048D00007BE07B0BDE8F040FFF784BE1E4E0FCE06
:1048E00001AD0FC533682B6047B31A4AD2F8C43400
:1048F000C2F8C43413F0020106D001238DF8003051
:10490000002384F8303007E013F0040209D00223BA
:104910008DF8003084F83010D4E9003168469847AB
:1049200013E013F0010305D003238DF8003084F861
:104930003020F1E704228DF80020E2E7236A8DF8A9
:1049400000705B0784F83070E6D507B0F0BD00BF9B
:10495000400E0020003000404C0E0020036803F0A1
:104960001F025B09026004D0012B034818BF00201E
:1049700070474FF0A040704700030050F7B506465F
:1049800003F075FA084603F072FA01A80196FFF7E2
:10499000E5FF019B2E4D00EB83000C46D0F800375D
:1049A000019440F20D612B400B43C0F8003701A881
:1049B000FFF7D4FF019B00EB83000127D0F80037FD
:1049C0002B400B43C0F80037042003F0D0F8092532
:1049D00001A80194FFF7C2FF019AD0F81035D34027
:1049E000DB0715D401A80196FFF7B8FF019B07FA72
:1049F00003F3C0F80C35042003F0B9F8304603F097
:104A000036FA013D042003F0B2F815F0FF05DFD1BE
:104A100001A80194FFF7A2FF019A01239340C0F877
:104A20000C35042003F0A3F8204603F020FA0420FC
:104A300003F09DF801A80194FFF790FF019AD0F8C8
:104A400010350448D34003F00103C01A03B0F0BD91
:104A5000F0F8FCFF0100AD0B08B5124BA8220021B5
:104A6000184604F0B3F8032202610F4942610F4A6D
:104A70008161C2614FF480620262002282624262FE
:104A8000C26201660A4941661021816609490267CE
:104A90000346C266426711F8010D98540132102A8C
:104AA000F9D108BD10040020519D00001000002025
:104AB000000000206A9D00002DE9F84FDFF87C809F
:104AC000182606FB008E00FB06664644DEF82440EE
:104AD000DEF828C07368A44507468946154603EBEF
:104AE000040022D8DEF820B0ABEB040A0AF1FF3351
:104AF0009A4203D804F05CF82C440FE063449A42D5
:104B000019D852462C4404F053F8B4EB0B0405D0EA
:104B10007068224609EB0A0104F04AF8182303FBE7
:104B2000078301205C62BDE8F88F0CF1FF3CACEB21
:104B3000040C9445DED20020F5E700BF10040020ED
:104B4000F8B5144B182700FB07751D4407FB00330D
:104B50000E46DB6A012B14460AD0022B14D023B96F
:104B6000284603F091F9844208D900242046F8BD74
:104B7000284603F089F9844228BF0446224631467C
:104B8000284603F08AF9F1E72846BDE8F84003F02B
:104B90009FB900BF10040020F8B50B4B1B78532BB6
:104BA00004460E46174601D0FFF756FF03F0BFF943
:104BB0003A46054631462046FFF7C2FF04462846DE
:104BC00003F0BDF92046F8BD10040020034B182265
:104BD00002FB00339A6A586A801A7047100400205A
:104BE00010B4084A08490023C85C12F8014D8442F9
:104BF00004D10133102BF7D110BC704710BCFFF764
:104C00002BBF00BF6A9D00001004002037B50D4681
:104C10001446194658B155B14AB143B1CDE9000522
:104C2000044A6B46204603F0ECFA03B030BD6FF047
:104C30000100FAE7A7820000034607B508461146BF
:104C40008BB168B18AB100935B788DF80430002392
:104C50008DF80530064A6B4603F0D3FA9DF805003F
:104C600003B05DF804FB1846FAE71046F8E700BF0A
:104C70006582000020B119B1034A002303F0C1BAD4
:104C80006FF00100704700BFA38200002DE9F041E2
:104C90000D4688B01446064600283ED000293CD078
:104CA000052A3AD81E4B01AA03F1180E17461868B8
:104CB00059689446ACE80300083373456246F6D160
:104CC0001868CCF800006B78A34206D022461F215A
:104CD000304603F046F9E8B96C700E2303FB045428
:104CE0004FF0000818347B783978E25C304603F0E6
:104CF00038F978B908F10108B8F10E0F07F1020789
:104D0000F1D16B7833B102461F21304603F029F907
:104D100000B9687008B0BDE8F0816FF00100F9E7F4
:104D2000809000000530C0B205289ABF024B18568B
:104D30006FF00400704700BF75A00000F0B589B0A7
:104D400000AF1C46F971BB6BF91DC7E90524B960BA
:104D50000025012107221868F9609B883D743A7785
:104D60003A7F816842F002023A778E68022207F1A8
:104D70000801B047A0B16E468AB0FB796A460A497D
:104D8000C2E905130523C2E9074042F8103F07486E
:104D90002B464FF42151FCF7C1FB4FF0FF30B546D5
:104DA0002437BD46F0BD00BF6B9D0000F48F0000AE
:104DB000F0B585B000AFC7E90112144602221868A9
:104DC0003A739B880D463A7B816842F002023A733F
:104DD0008E680122391DB047A0B12B786D468AB08C
:104DE0006A460A49C2E905130523C2E9074042F8A9
:104DF000103F074800234FF42151FCF78FFB4FF081
:104E0000FF30AD461437BD46F0BD00BF8E9D00009B
:104E1000F48F0000F8B546680569306800AF03F00C
:104E200057FD0346C0B932686C4688B011686A46BF
:104E30002E48C2E905014FF4007191832C4942F8D4
:104E4000101F2C484FF4E251FCF768FBA5466FF0A9
:104E500012042046BD46F8BD274B2B60274B6B60E4
:104E6000B3882B72EE6005F1900003F074FD05F13C
:104E7000100003F037FAFFF755FF044630B1204A1F
:104E8000034601211B4802F0FBFBE2E7284603F042
:104E900025FCFFF747FF3268B388116804466D466A
:104EA000A0B18AB06A461748C2E907344FF40073CC
:104EB0009384154BC2E9050142F8103F00234FF4DB
:104EC00031510C48FCF72AFBAD46C2E78AB06A466E
:104ED0000E48D3614FF4007313840D4BC2E90501F2
:104EE00042F8103F4FF413512346EAE7B29D000009
:104EF00003000001F48F0000B14D00003D4D0000A3
:104F0000C79D0000DE9D000005000001089E000016
:104F1000040000012DE9F04F83B0056905F190060A
:104F200000AF4FF0FF324FF0FF3330460C4603F036
:104F30007FFCFB1D2846BA1D791D03F0E3FBFFF73C
:104F4000F1FE0546304603F075FC55B1744A7548CC
:104F50002B46012102F094FB28460C37BD46BDE8E4
:104F6000F08F6E468AB07879B979FB796A46DFF8B6
:104F7000B8C1C2E907130523C2E905C042F8103FD2
:104F800068482B464FF42351FCF7C8FAB546002C6D
:104F9000E2D07B79C3F381026270C3F30012227204
:104FA000C3F3401203F003016272C3F38012DB0902
:104FB000E37204F10108BB79A272217046462A46C9
:104FC00023FA02F0013200F00100062A06F8010F70
:104FD000F6D1F879C3F38012DB0963732646C0F378
:104FE0008013A373C309227306F80F3F0023B4464E
:104FF00020FA03F2013302F00102062B0CF8012F14
:10500000F6D14A4BE9468AB053F821306A464848FF
:10501000DFF820A1D1614FF4007BC2E90503A2F8BB
:1050200020B042F810AF00233E484FF41351FCF774
:1050300075FA6378CD46ABB13F4A03F003018AB0FD
:1050400052F821106A463D48D361C2E90501A2F831
:1050500020B042F810AF334800234FF41351FCF74F
:105060005DFACD46DFF8D8A0DFF8B8B04FF0000900
:1050700018F8013F09F101092BB103214B465246B3
:10508000584602F0FDFAB9F1060FF1D1237A23B1A7
:105090002C4A2448032103F0C9FB637A23B12A4A2E
:1050A0002048032103F0C2FBA37A23B1274A1D48FD
:1050B000032103F0BBFBE37A23B1254A19480321FE
:1050C00003F0B4FB237B23B1224A1648032103F0EB
:1050D000ADFBA37B23B1204A1248032103F0A6FBBA
:1050E000637B23B11D4A0F48032103F09FFBE37B41
:1050F00023B11B4A0B48032103F098FBDFF86480BF
:10510000DFF82090002416F8013F01342BB1032171
:1051100023464246484602F0B3FA062CF3D11BE779
:10512000259E0000F48F0000469E0000649200005F
:10513000779E00000400000154920000909E000041
:10514000AE9E0000CE9E0000E59E0000FC9E00008A
:105150001D9F0000379F0000529F0000689F0000C5
:10516000839F0000A39F000038B5046904F19005F7
:105170004FF0FF334FF0FF32284603F059FB04F1A4
:105180001001204603F0C9F8FFF7CCFD044628467D
:1051900003F050FB2CB1044A04482346012102F0DD
:1051A0006FFA204638BD00BF2E930000F48F000038
:1051B0002DE9F8431546D0F810800C4651B14AB19C
:1051C00011462046FFF756FD48B1204A20480121EC
:1051D00003F02CFB6FF015042046BDE8F88308F1BE
:1051E00090074FF0FF324FF0FF33384608F11009B7
:1051F00003F01EFB2A4621464846FFF71DFD0646E2
:1052000048B9384603F016FB124A1148032103F04F
:105210000DFB0024E0E72B46224649464046FFF7B7
:10522000F5FCFFF77FFD0446384603F003FB34B975
:10523000094A07483346032102F022FAE9E7074A00
:1052400003482346012102F01BFAC5E7D19F000065
:10525000F48F0000F59F000023A00000429300009F
:105260002DE9F043CBB0056905238DF8003005F139
:105270001203019306238DF8083005F113030393FD
:1052800007238DF8103005F11403059308238DF8DA
:10529000183005F11503079309238DF8203005F127
:1052A000160309930A238DF8283005F117030B9391
:1052B0000B238DF8303005F118030D930C238DF876
:1052C000383005F119030F930D238DF8403005F1A7
:1052D0001A03119310238DF8483005F11B03139323
:1052E00011238DF8503005F11C03159312238DF80E
:1052F000583005F11D03179313238DF8603005F125
:105300001E03199314238DF8683005F11F031B93B6
:1053100015238DF8703005F120031D9316238DF8A9
:10532000783005F121031F9317238DF8803005F1A4
:105330002203219318238DF8883005F1230323934A
:1053400019238DF8903005F1240325931A238DF845
:10535000983005F1250327931B238DF8A03005F124
:10536000260329931C238DF8A83005F127032B93DE
:1053700040238DF8B03005F17C032D9341238DF847
:10538000B83005F17D032F9342238DF8C03005F12D
:105390007E03319343238DF8C83005F17F033393A7
:1053A00044238DF8D03005F18003359345238DF8E3
:1053B000D83005F18103379346238DF8E03005F1AD
:1053C0008203399350238DF8E83005F183033B9332
:1053D00051238DF8F03005F184033D9357238DF868
:1053E000F83005F189033F9358238DF8003105F11A
:1053F0008A03419359238DF8083105F18B034393B8
:105400005A238DF8103105F18C0345935B238DF8F9
:10541000183105F18D0347937F238DF8203105F175
:10542000900705F18E0349934FF0FF324FF0FF33A1
:10543000384603F0FDF96C464FF0000905F11008FD
:10544000636822781B784146284603F030F9FFF75D
:1054500069FC09F10109B9F1250F06460CD00834A1
:105460000028EDD0384603F0E5F9104A10483346DD
:10547000012102F005F915E00028F3D10446E2B25B
:1054800041462846FFF702FCFFF74CFC052C064678
:1054900003D001340028F2D0E4E7384603F0CAF91B
:1054A000002EE2D130464BB0BDE8F083A694000058
:1054B000F48F000038B5046904F190054FF0FF3314
:1054C00028464FF0FF3203F0B3F9084A0848032199
:1054D00003F0ACF9204603F0A1F9FFF723FC0446E2
:1054E000284603F0A7F9204638BD00BF48A00000B9
:1054F000F48F000010B50446FBF72CFF0348044A64
:10550000012102F0B4F8204603F0EDF9FC8F000011
:10551000EEA000002DE9F843044600AF0D46EFF37E
:105520001188202383F31288BFF36F8F0428294A40
:1055300098BF294B9668117C94BF53F82030274BB5
:10554000E9468AB06A462648C2E9073140F201338B
:105550009384244BC2E9050442F8103F22480023FB
:105560004FF43151FBF7DAFFCD4645B1EB69C3F398
:10557000080323B11D4A1C48012102F078F82EB11E
:10558000304603F001FA08B1037803B91848E94638
:105590008AB06A46174BD061C2E9053640F2013342
:1055A0001384154B42F8103F00230F484FF411515C
:1055B000FBF7B4FF2946CD462046FFF79BFF88F353
:1055C0001188BFF36F8F3046FCF756FEBD46BDE82D
:1055D000F88300BF200F00207C920000FDA0000097
:1055E00013A1000005000001FC8F00003BA100009A
:1055F0000BA100005CA100000400000138B5094BBC
:1056000053F82040013053F82050A54200D838BD4F
:10561000636823B1204603F06EF90834F5E7236888
:105620009847FAE79092000070B52B4B2B4C2C4D0D
:10563000012286B003201A70FFF7E0FFFCF7C8FADA
:1056400003F075F90420FFF7D9FF2646AE4204F1B6
:10565000300410D300F04AFC204C224EAC4226D33A
:1056600000F058FCFAF7BEFE1F4A137B23F001033B
:10567000137306B070BD54F80C3C059354F8103CFD
:10568000049354F8143C039354F8183C029354F8D0
:105690001C3C019354F8203C009354E90A2354E93C
:1056A0000C0100F00DFA54F8303C5E65CDE7D4E90A
:1056B0000A23B3F1FF3F08BFB2F1FF3F05D052EA22
:1056C0000301206803D100F0E5FC3034C6E7314621
:1056D000183000F085FEF8E76D0F0020488F0000BD
:1056E000488F00007B8A0000A80B002008B5034803
:1056F000034A0021121A03F016F908BDE80500203C
:10570000700F002070B5174E174D184986B0B023A2
:1057100003FB0066164B059301220F23CDE90332EC
:105720000023CDE90133142303FB005504464FF455
:10573000C07000FB04110F4B00954FF4A07230466F
:1057400000F0BEF9737B0C4AEE6023F00403737320
:105750004FF4046304FB033313442C746B6006B0F2
:1057600070BD00BFF80A0020200F0020001B0020A1
:10577000BEA1000031890000C0120020BFB500208A
:10578000FFF73CFF2D4B83F308882D4D2D4E6B69A1
:105790002D4F43F400736B610024E02385F8223021
:1057A000EC772C766C76AC7685F820406B6A43F407
:1057B000E0236B6285F82340FCF7D4FCFCF75CFE29
:1057C0004FF0FF33AB62EB62FCF732FFFCF778FE81
:1057D000FBF72CFD1D4BB36040F201129A81C3E927
:1057E0002544C3F8A04003F072F80120FFF706FF3C
:1057F0000220174DFFF702FF00F0C0FB154B75614B
:105800000593012314490094CDE903434FF48062CA
:105810003B46CDE90144284600F052F96A7B064632
:1058200022F0040228466A7303F0EAF82046FFF7E4
:1058300069FF3A4631462846FCF7FEFD001B002072
:1058400000ED00E0200F002029560000580C002039
:10585000A80B0020C3A10000801C00202DE9F3410B
:10586000044617461E46EFF31188202383F312885F
:10587000BFF36F8FC368334A7BB1806891688842F9
:1058800019D057EA060318D188F31188BFF36F8F38
:105890006FF00F0002B0BDE8F081916891F90E1031
:1058A00021610133E3609368A36088F31188BFF33B
:1058B0006F8F0020EEE72169F2E791F90E1090F961
:1058C0000E309942A8BF19466FF07E029142B8BFD0
:1058D00011468B422DDD03F036F80546CDE9007602
:1058E00019482246414600F061FA0028E1D0EFF362
:1058F0001186202383F31288BFF36F8FA068D0B185
:10590000236821699C420AD04BB193F90E30994229
:10591000A8BF19466FF07E039942B8BF194603F03D
:1059200012F840B10848314600F0BAFA6FF00A00A8
:10593000B0E70025D2E7002DF4D186F31188BFF33C
:105940006F8FF3E7200F00206E0F0020F8B58368FB
:105950000546002B40D0234A926893423FD1C3684A
:10596000012B03D9013BC3600020F8BDEFF3118781
:10597000202383F31288BFF36F8F0169806802F0E0
:10598000E2FF2C68AC4207D10023C5E9023387F35C
:105990001188BFF36F8FE7E7002CF5D0D4E9003210
:1059A00013605A60637B002623F002036373C4E92B
:1059B0000066A66004F1180003F0ABF8AC6094F93F
:1059C0000E302B612046C4F8AC6003F019F806488D
:1059D000394600F065FAC7E76FF01500C5E74FF0EC
:1059E000FF30C2E7200F00206E0F002070B5EFF3EC
:1059F0001186202383F31288BFF36F8F0468A042BF
:105A00001BD0D4B1D4E9003213605A60637B002507
:105A100023F002036373C4E90055A56004F1180084
:105A200003F077F82046C4F8AC5002F0E9FF3146A5
:105A30000748BDE8704000F033BAD0E902329A421C
:105A400018BF0133836086F31188BFF36F8F70BD79
:105A50006E0F002013B5EFF31181202484F3128818
:105A6000BFF36F8F846844B1013C846081F3118877
:105A7000BFF36F8F002002B010BD52EA030406D1BD
:105A800081F31188BFF36F8F6FF00F00F3E7CDE95B
:105A900000230246014800F089F9ECE76E0F002070
:105AA00010B5044608B9054B9C681F2204F1740028
:105AB00003F094F8002084F8930010BD200F00201C
:105AC0002DE9F04F073285B022F0070204461E464A
:105AD0007F3200F15803C0E9163322F03F02129BD7
:105AE000237300200D46119BDDF838A0139FA060A2
:105AF00004213F2AC4E906006173A373E07305F132
:105B00004009A2F1400B05D880F31188BFF36F8FD5
:105B1000084602DF05EB020841462046FCF7C6F8BE
:105B20000730109B20F00700C4E9259BC4F89C00B7
:105B300002930F9BA8EB000BCDE900A35A46334616
:105B400029462046FCF744FC0F9BA3664FF0000853
:105B5000109BC4F85480C4E9186AE366EFF311821D
:105B6000202181F31288BFF36F8F0F4D296A2167BF
:105B70002C6282F31188BFF36F8F8FB11F223946D9
:105B800004F1740003F02AF884F89380AB680BB139
:105B9000D3F8A030C4F8A030584605B0BDE8F08F67
:105BA00084F87470F2E700BF200F0020F0B587B0D2
:105BB00000250595109D04950F9D03950E9D02955A
:105BC000DDE912760D9D01950C9D00950446FFF7C9
:105BD00077FFB6F1FF3F08BFB7F1FF3F05D056EAA8
:105BE000070305D1204600F055FA204607B0F0BD66
:105BF00003493A46334604F1180000F0F1FBF4E79C
:105C00007B8A00000A4A93686FF00A01C3F8AC105F
:105C10000849C3F8A8004B6843F080534B60002349
:105C200083F31188BFF36F8F9368D3F8AC0070478C
:105C3000200F002000ED00E070B590F90D20437BAF
:105C4000002A39DBD90637D18269002A34D11D4CAC
:105C500063F07F032246437352F8183F93422CD1DE
:105C6000E169C0E900210860E06111E09942F8D0E3
:105C70001B68002BF5D090F90E5093F90E60B542D9
:105C8000F4D0AE42F2DD5968C0E9003108605860D6
:105C9000A569954200D005B9E568A3685A7BD2068C
:105CA00004D1DA897F2A01D9AA6942B1AB4202D074
:105CB000284600F0D5FA656170BDE169D9E76361F6
:105CC000FAE700BF200F002038B590F90D20437B84
:105CD000002A014604DA03F07F03437302F056FE04
:105CE0000D4D2A46AB6852F8184F944200D004B9C3
:105CF000EC688B4207D05A7BD20604D1DA897F2A1E
:105D000001D9A2692AB1A34202D0204600F0A8FA24
:105D100023466B6138BD00BF200F002070B590F99D
:105D20000D20437B002A014604DA03F07F0343730E
:105D300002F02CFE4B7B1C4C63F07F0322464B731E
:105D400052F8183FE069934207D1C1E90020016091
:105D5000E16111E09842F8D01B68002BF5D091F971
:105D60000E5093F90E60B542F4D0AE42F2DD5868A1
:105D7000C1E9003001605960A569A368954200D06F
:105D800005B9E5688B4207D05A7BD20604D1DA897F
:105D90007F2A01D9AA692AB1AB4202D0284600F075
:105DA0005FFA2B46636170BD200F0020F8B5124BDF
:105DB0000C461146114A98681060DDE90676EFF34B
:105DC0001182202282F31288BFF36F8F9D682846CC
:105DD00002F0EEFDB6F1FF3F08BFB7F1FF3F06D07E
:105DE00007493A46334605F1180000F0F9FA204613
:105DF000BDE8F840FFF706BF200F0020440F002049
:105E00007B8A0000F8B50446EFF31186202383F364
:105E10001288BFF36F8F437BDA0649B217D18269CC
:105E2000AAB903F07F03437302F0B0FD1B4D437B1F
:105E3000817363F07F032A46437352F8183F9342FD
:105E40002AD1E869C4E900200460EC6116E0A1737E
:105E5000002086F31188BFF36F8FF8BD8342F1D025
:105E60001B68002BEED093F90E70B942F6D08F422A
:105E7000F4DD5968C4E900310C605C60AC6994429F
:105E800000D004B9EC68AB689C4202D0204600F018
:105E9000E7F96C610120DCE7E869E2E7200F002008
:105EA00049B9EFF3058030B9054B5A699B689A42AE
:105EB00001D0FFF7A7BE81F31188BFF36F8F704742
:105EC000200F0020034648B9EFF3058232B9064A95
:105ED00051699268914201D0FFF794BE83F3118813
:105EE000BFF36F8F704700BF200F0020EFF31181C9
:105EF000202383F31288BFF36F8F054B9A68D37BFF
:105F0000013BD37381F31188BFF36F8F704700BFDC
:105F1000200F002070B5EFF31186202383F3128841
:105F2000BFF36F8F144DAB68DA7B0132DA732A4608
:105F300052F8184F944200D004B9EC685A7BD2064C
:105F400004D1DA897F2A01D9A2692AB1A34202D0F9
:105F5000204600F085F923466B6186F31188BFF374
:105F60006F8FEFF31180202383F31288BFF36F8FBD
:105F7000BDE87040FFF7A6BF200F0020024B03F1E1
:105F80001802C3E906227047200F002070B5EFF316
:105F90001186202383F31288BFF36F8F1B4CA168F7
:105FA000E0690B68814214BF1A46002249680B6001
:105FB0005960A368E1692AB9154AC3E900210B6059
:105FC000E3610CE093F90E0092F90E50A84218D04C
:105FD000854216DD5168C3E900210B605360A56955
:105FE0000B4B9D4200D005B9E568A3689D4202D0E5
:105FF000284600F035F965613046BDE87040FFF78E
:1060000001BE8A42D8D01268D5E700BF200F002019
:10601000380F002050EA01032DE9F04105460E46F5
:1060200004D1FFF7B3FF0020BDE8F081831C71F1BC
:10603000FF3324DB02F08EFD2C18EFF311882023B0
:1060400083F31288BFF36F8F0F4F104BB86818603F
:10605000FFF73AFEB8680E492A463346183000F07A
:10606000BFF9BA68537B43F0040353734046FFF70C
:10607000C9FD02F06FFD201A20EAE070D4E76FF04E
:106080000104241AD9E700BF200F0020440F00208C
:106090007B8A000038B50446183002F03AFDEFF371
:1060A0001185202383F31288BFF36F8F637B5A0718
:1060B00004D485F31188BFF36F8F38BD23F0040338
:1060C00063732046FFF7B8FDEFF30583002BF0D193
:1060D00029460248BDE83840FFF7E2BE6E0F0020B7
:1060E000014B9868704700BF200F00202DE9F8434E
:1060F0000446EFF31187202383F31288BFF36F8FD9
:10610000067B16F001060DD087F31188BFF36F8F61
:10611000002383F31188BFF36F8F0423184602DF37
:10612000BDE8F883437B1A0704D587F31188BFF3D2
:106130006F8FF5E7D90943F0080254D14273A36881
:1061400013B1204602F02AFC04F1180002F0E1FC31
:10615000A56D04F15808A84511D04FF0000975B19C
:10616000284602F01BFC05F1180002F0D2FCC5F82D
:10617000AC902846FFF760FDA56DA845EFD11E4DF8
:10618000AB689C4204D1EFF30586003E18BF0126A0
:10619000D5F81880194A904502D0B8F1000F01D106
:1061A000D5F80C80434502D0404600F059F820460F
:1061B000C5F8148000F0ACF84EB1114BAB6040F262
:1061C00001129A810022C3E92522C3F8A020AB68FE
:1061D0009C42AAD1EFF30583002BA6D13846BDE837
:1061E000F843FFF70FBD03F07F0343F00803437349
:1061F00002F0CCFBA3E700BF200F0020380F0020E7
:10620000580C0020044BC01A044BC0105843044BD8
:1062100001221A54704700BF080D0020ABAAAAAA99
:106220006E0F0020C3897F2B12D80A4B1B6863B105
:10623000094B90F90E201B689A4209DB437BDB0671
:1062400006D1064BC31A18BF012303F001007047A3
:106250000023FAE74C0F0020480F0020F80A002026
:1062600070B50E4B0E4C1E7C06EB460304EBC304CC
:106270000546204602F04DFC0A4B002228469A555E
:10628000FFF7D0FF48B1084B08491A68013A204689
:10629000D317BDE8704000F0A3B870BD200F0020F8
:1062A000080D00206E0F00204C0F0020056200003A
:1062B00038B5EFF31185202383F31288BFF36F8F76
:1062C000104B114A9C681068A04206D1FFF7C8FF26
:1062D00085F31188BFF36F8F38BD00211B7C1160DF
:1062E0000A4AD35C002BF3D02046FFF79BFF00281F
:1062F000EED0637BDB0602D12046FFF70FFD204680
:10630000E4E700BF200F0020440F00206E0F0020A4
:10631000EFF31181202383F31288BFF36F8F0A4AB2
:10632000136A834207D11B6F136281F31188BFF395
:106330006F8F70471346002BF7D01A6F8242F9D146
:10634000026F1A67F1E700BF200F00200748084AD4
:10635000084908B5121A02F0E8FA0748074A08493E
:10636000BDE80840121A02F0E0BA00BFC0040020E5
:10637000E4050020E4A10000B8040020C0040020CF
:10638000DCA10000024B1868984208BF002070474B
:1063900084050020034B1B680BB9FDF7BBBA002036
:1063A000704700BF500F002030B570B10B4B5B68D9
:1063B00098420AD0036843B1D3E90421D0E90445E7
:1063C000121941EB0501C3E90421D0E90032136041
:1063D0005A600023C0E9003330BD00BF84050020AF
:1063E000B3F1FF3F08BFB2F1FF3FF8B504461D46C9
:1063F00016465AD08160EFF31187202383F3128869
:10640000BFF36F8F013275F1FF3321DA2C49D1E9E7
:1064100000206FF001039B1A4FF0FF3262EB000087
:106420009E1B60EB0500012E70F1000301DA0126CE
:106430000020C4E90460FFF7A5FF224E844670687F
:10644000BCF1000F0DD1C4E90060046074601CE071
:10645000FFF7A0FF013645F10005361845EBE07067
:10646000E7E7DCE90425D4E90431934271EB050E3A
:106470001CDAD21ADCF8043065EB0105CCE90425FE
:10648000C4E900C31C60CCF80440FFF77BFF8442E2
:1064900007D10D4B1C6824B902F022FB2146FDF701
:1064A0000BFA87F31188BFF36F8FF8BD9B1A61EB6E
:1064B00005018445C4E90431C5D0DCF800C0BFE75C
:1064C000200D002084050020500F00202DE9F0470A
:1064D000EFF31185202383F31288BFF36F8FDFF86A
:1064E000A090DFF8A080C9F80000FFF74BFF00265E
:1064F0000027D9F80030D8E900ECD91750B1D0E91D
:106500000442A34271EB020A1ADAE41A62EB0102B6
:10651000C0E9044213EB0E034CEB01010024C8E96F
:106520000031C9F8004002F0DBFA2146FDF7C4F95A
:1065300085F31188BFF36F8FBDE8F047FFF7B8BE52
:1065400014EB0E024CEBE473C0E90467C8E90023C6
:10655000FFF72AFF85F31188BFF36F8F8368984791
:10656000EFF31185202383F31288BFF36F8FD9F8DF
:1065700000301B1BC9F80030FFF704FFB9E700BF6C
:10658000500F0020200D002010B5EFF311842023C0
:1065900083F31288BFF36F8FFFF7FCFE054A0346B3
:1065A000D2E90001181841EBE37184F31188BFF3BD
:1065B0006F8F10BD200D0020F8B50446EFF3118752
:1065C000202383F31288BFF36F8F026822B187F311
:1065D0001188BFF36F8FF8BDD0E90A36581C46F119
:1065E0000001022871F1000127D3012B76F100018F
:1065F000BCBF012316465D1E46F1FF3602F0AEFA1F
:10660000013041F10001401946EB0101012871F10F
:1066100000013ADB02F0A2FA013041F100016FF013
:106620000102401946EB0103121A4FF0FF3161EBF2
:10663000030318492046FFF7D3FE236B013323637E
:10664000236A6BB187F31188BFF36F8F236A2046EB
:106650009847EFF31187202383F31288BFF36F8FDE
:1066600054F8185FA542B2D0002DB0D0284602F0F1
:10667000D6F90023C5F8AC3087F31188BFF36F8FCC
:106680002846BDE8F84002F0BBB96FF001024FF0B8
:10669000FF33CEE7B96500002DE9F04105461C4601
:1066A00090461F46EFF31186202383F31288BFF331
:1066B0006F8FB4F1FF3F08BFB2F1FF3F05D186F302
:1066C0001188BFF36F8FBDE8F081531C74F1FF3365
:1066D00009DB012A74F10003BCBF0122002412F17E
:1066E000FF3844F1FF37284602F013FADDE90601CE
:1066F0000023C5E90A012B63034942463B4628466D
:10670000FFF76EFEDBE700BFB96500000CB430B5E3
:1067100089B005460C461C22002101A802F056FA59
:1067200002238DF806300E4B0293059523462CB1BB
:10673000B4F1004F28BF4FF00043013B1D440DAAA8
:106740000C99069501A8009200F00CF814B1059B75
:1067500000221A7009B0BDE8304002B0704700BF97
:10676000C38C00002DE9F04F8DB04368029383780D
:1067700015469A07804640F10D8100240E78002EC0
:1067800000F00A81252E0BD04B1C03930134029B91
:106790004146304698470028C0F2F6800399EDE75D
:1067A0004E788B1C252E0393F0D00027B946BB46AC
:1067B000BBF11F0F38D8A6F12003102B0AD8DFE851
:1067C00003F02A0909300909092109090928092DB5
:1067D00009091F00A6F13003092B33D92A2E37D11E
:1067E0001BF0400F55F8043B40F08280002BA7BF00
:1067F0004BF0200B9946C3F100094BF0280B01E048
:106800004BF0010B039B13F8016B0393002ECFD1C8
:1068100030E04BF0020B4BF0040BF3E74BF0080BAE
:10682000F0E74BF0100BEDE7BBF17F0F19D8A6F1A5
:106830003003092BD2D81BF0400F03D00A2101FBF3
:106840000737DFE70A2101FB09394BF0200BD9E7B5
:106850002E2E06D11BF0400F40F09E804BF0400BD7
:10686000D0E76C2E31D02BD8682E36D06A2E3CD093
:106870004C2E3AD0002F46F02003B8BF2BF0400238
:10688000A3F16501BCBF1FFA82FB0027022901D9D1
:10689000612B2FD1073525F00705DFF8ACA20835AD
:1068A00007271BF0080F66D00AEB070B56465E451C
:1068B00063D1A4EB0A0A06EB0A02A9EB07096FE110
:1068C000742E9FD07A2E9DD0D4E71BF0800F18BF76
:1068D0004BF4007B4BF0800B94E71BF4807F18BFD8
:1068E0004BF4007B4BF4807B8CE74BF4207B89E7F7
:1068F0001F4687E7A6F16301122900F2F080DFE866
:1069000011F013004F00EE00EE00EE00EE004F001D
:10691000EE00EE00EE00EE00EE00FE00E900EE00FC
:10692000EE001B00EE00AF0055F8043B8DF8183068
:1069300001270DF1180AB4E755F804AB834BBAF1FF
:10694000000F08BF9A461BF0400F14BF39464FF0A6
:10695000FF31504602F052F90746A2E7029B41463A
:106960002020984700280FDB013EB742F6D34C4465
:10697000A41BB14698E74E46F7E716F8010B029BB9
:1069800041469847002892DA98F8023043F0040311
:1069900088F802304FF0FF3420460DB0BDE8F08F8C
:1069A0001BF0800F34D01BF4007F2CD0073525F06E
:1069B0000705AA4669685AF8080B2BF0100500294C
:1069C000ADB237DA404261EB410145F480650DF12B
:1069D000180B0A235A4602F01DF9A0EB0B03019392
:1069E0006B0662D5019B25F001019F4289B240F3FD
:1069F000A180002E00F0998015F0100240F09C80DC
:106A0000BB460D4623E0AA465AF8040BC117D4E74B
:106A1000AA461BF4807F5AF8041B01D10846F5E70B
:106A20001BF4007F15BF48B208B241F3C01141F317
:106A3000C031C2E750EA0103C9D11BF0400FC6D0F4
:106A4000002FC4D12BF0110295B2BB46019740F242
:106A5000064115EA01021CBF0BF1010B00222CE0DC
:106A60002BF010021FFA82FB0A231BF0800C49D086
:106A70001BF400711DBF073525F00705AA46AA467D
:106A80001ABF5AF8080B69685AF8040B50EA010556
:106A900045D12BF016051BF0400FADB242D0002FB0
:106AA00040D12BF0170295B2019715F0100248D093
:106AB000019B002E42D103F1010B29075AD4EB07A9
:106AC00006D5D9456FDD0199A9EB0B035F18CB46BD
:106AD0005B4649E04BF0100B10237826C5E7782B76
:106AE00004D1C6F1780343F01003BEE7029B414690
:106AF000252098470028FFF647AF023447E60823D1
:106B00000026B2E7AA461BF480715AF8040BBDD0E8
:106B10001BF400711ABFC0B2614680B2B6E72BF019
:106B2000060295B20DF1180B54E725F01105ADB230
:106B3000BB468CE70D46B8E73B460D4603F1020B1A
:106B4000BBE7DDF804B082E7D2A10000CBA10000D2
:106B5000CDE904324146029B202098470028FFF6E9
:106B600013AF049B059A01339945F1DCA4EB0B01AB
:106B7000CC189B460AB3029B414630209847002818
:106B8000FFF602AF8EB901342744019B391B9942AD
:106B900024DC1D465DBB019AA9EB0B092244554636
:106BA0001446914435E0019F92E702344146304655
:106BB000029B98470028E7DAE6E640F206410D42DC
:106BC000E2D015F0020F14BF2B20202015F4806FA7
:106BD00004F10104414618BF2D20E9E7029B41461C
:106BE00030209847002804F10104CEDACCE606AB49
:106BF000013D4146585D029B98470028CADAC3E62A
:106C0000029B414620209847002804F10104FFF62A
:106C1000BBAEA9EB0403002BF2DCBFE570470146D5
:106C200040F2E73008B54FF47A72002300EBC13030
:106C30004914F9F765FABDE8084001F038BF8368E8
:106C400000EBC101B3F5004F2CBF51F8220031F821
:106C50001200704700EBC1018068B0F5004F2CBFF7
:106C600041F8223021F81230704708B50122FFF7B1
:106C7000E6FFD04008BD8368B3F5004F00EBC101CB
:106C800008D34B681AB143F001034B60704723F0FF
:106C90000103FAE74B881AB143F001034B807047B8
:106CA00023F00103FAE753000122FFF7D3BFB0F549
:106CB000004F34BF04230823481C0833A0EBD30043
:106CC000B0FA80F0C0F11F0070472DE9F0410D4689
:106CD00086680446FFF7C9FFB6F5004F014601D3A9
:106CE000012832D03046FFF7E2FF04EB80010E6945
:106CF00096B9E368012282401343E36002220D61EA
:106D00002B4629462046FFF7A5FF032229462046A9
:106D1000BDE8F041FFF79EBF022231462046FFF753
:106D20008EFF2946034607462046FFF793FF0322BE
:106D3000334629462046FFF78DFF39462B4620462D
:106D4000FFF788FF02223146E1E7BDE8F081B2F5A6
:106D5000802F2CBF08230423D21A2DE9F0418C1870
:106D6000CD1D25F0070524F00704641B0026E40868
:106D700005602146AC60EE602046FFF798FF421D9B
:106D80009200013002F107074FEAD707A2F1100283
:106D90003146B8BF324605F1100001F017FF3A4600
:106DA00031462846FFF77FFF3346324631462846B4
:106DB000FFF750FFA4EB0708284631460122FFF7F2
:106DC0005AFF42463946FFF76EFF3B463246394688
:106DD0002846FFF73FFF21462846FFF764FF43465A
:106DE000324621462846FFF735FF21462846012234
:106DF000FFF741FF3946BDE8F041FFF766BF2DE9D7
:106E0000F04706460D46174698462BB398F80040C3
:106E100093F80190DB78A40004EB430498F8023067
:106E20001C4444444FF0000ACA4509D3D8F8042052
:106E300008F1080339463046AC46BDE8F0476047E4
:106E400014F8013B48F823402046F9F773F9013064
:106E500004440AF1010AE7E76FF01500BDE8F08786
:106E600070B5002502462846144614F8013B0BB9BC
:106E7000184609E098B18D4207D1702B04D0A3F1D8
:106E800040023A2A0BD8002070BDA3F140063A2EEA
:106E900005D853780135941C002BE9D00020252B10
:106EA00008BF80F001002246DEE7002070470FB4E3
:106EB00007B504A951F8040B019100F05FFB03B082
:106EC0005DF804EB04B0704710B50369024613F097
:106ED000080009D11368D4689C4297BF126AE31A6C
:106EE000D31A01200B6010BD00231846FAE713B532
:106EF00001A90446FFF7E8FF20B1019BE268013BCE
:106F000013440193206A019BC01A013802B010BDDE
:106F100010B5044650182269236AD20702D5013BF6
:106F2000184010BD984228BFC01AFAE710B50446B1
:106F30000A46C168FFF7ECFF2369E06023F008030D
:106F4000236110BD38B50D46C2698B00016843F05E
:106F5000020342F82130044601682A46FFF7D8FFB1
:106F6000E36861682060984202BF236943F0080328
:106F700023612A462046FFF7CBFF606038BD2DE92C
:106F8000F74FC768C6699B4616F8273003F003031E
:106F9000022B04468846914606EB870A4FF0000311
:106FA00009D01360CBF800302369990710D4002072
:106FB00003B0BDE8F08F56F8271013608908CBF8AE
:106FC0000030F1D0FFF7B2FFE368A3600120EFE7E4
:106FD000A3695046984716F82730DA070546E6D5E4
:106FE00013F002031DD0B8F1000F03D04146204634
:106FF000FFF7A8FF61682A462046FFF789FFD4E91A
:1070000002319942606004D12A462046FFF780FF92
:10701000A060A3682360E360236943F00803236151
:10702000D4E7014620460193FFF780FFE268A260A3
:10703000B8F1000F04D02168E269019B42F82130C9
:1070400005EB0802CBF8002021682046FFF760FF1F
:107050002369206043F00803236116F827306FF39B
:10706000000306F82730C9F800A0AFE770B5044662
:107070001546FFF74DFF2368834205D12369216040
:1070800023F00803236170BDE269AB0043F0020303
:1070900042F82130204661682A46FFF739FF6060D8
:1070A000F1E738B503695B07044606D5456AFFF783
:1070B0001EFF85422CBF6562606238BD38B50D4643
:1070C00004461C22002101F081FDEB68A361AB683E
:1070D00063612B68E3616B682362002262622A6944
:1070E00023B1591E194208BF42F001022261012258
:1070F00004F128000021BDE8384001F033BC2DE93F
:10710000F04F87B000250093036A03958B42044635
:107110000E4692460595A94639D3EFF3118B2023ED
:1071200083F31288BFF36F8F059AD8462AB1294698
:107130002046FFF79BFF0023059304A92046FFF795
:10714000C3FE0499B14207462AD32268E36913F8C3
:10715000221021F0030103F8221003EB82092168B9
:1071600032462046FFF7D4FEE3682060984212D0F2
:10717000002788F31188BFF36F8F039929B16269E3
:107180000AB12046904700230393002FC5D14846FB
:1071900007B0BDE8F08F236943F008032361E7E7F8
:1071A00018B12046FFF7CEFEE3E7009B5AEA030240
:1071B0001CD0019101F0E2FB0199B8B9BBF1000FBD
:1071C00014D187F31188BFF36F8F009B524604F1EF
:1071D0002800FEF73FFCEFF31188202383F3128889
:1071E000BFF36F8FB0FA80F77F09C2E705AB03AA40
:1071F00020462568FFF7C3FE0746BAE770B5044688
:10720000836908460D4698470246EFF3118620230E
:1072100083F31288BFF36F8F2B7843F001032B7039
:1072200061682046FFF774FE60602046FFF739FF73
:1072300086F31188BFF36F8F70BD2DE9F0410446CE
:107240002027EFF3118687F31288BFF36F8F23692E
:1072500013F0080FA36802D16268934200D9226A32
:10726000E169D21A32B986F31188BFF36F8F4FF0FC
:10727000000833E011F8232012F0030001EB83082B
:10728000F1D0022803D151F82350AD0805D1D00721
:1072900012D4A369404698470546A1682A4620466D
:1072A000FFF736FE2946A0602046FFF73FFE86F333
:1072B0001188BFF36F8FC4E742F0020201F8232068
:1072C0004046A369A5689847294602462046FFF72D
:1072D0001FFEA06086F31188BFF36F8F4046BDE8A4
:1072E000F081F8B50446836908460D46984706467E
:1072F000EFF31187202383F31288BFF36F8F2B786E
:107300006FF300032B7023699B0705D5E268E369DF
:1073100003EB82039D421AD12B786FF341032B704C
:10732000D4E90231994204D132462046FFF7F0FDFC
:10733000A06031462046FFF7F9FD87F31188BFF3BF
:107340006F8F04F12800BDE8F840FEF74FBB2B68B3
:1073500060F39F032B60F0E7EFF31181202383F3A9
:107360001288BFF36F8F036913F0080F836802D18F
:107370004268934200D9026AD31A81F31188BFF39D
:107380006F8F181E18BF01207047038B13F007037F
:1073900005D10368002B0CBF002003207047022B8F
:1073A00005D1408BB0FA80F0400980007047012B76
:1073B00005D10368002B0CBF00200520704700207A
:1073C000704710B50C4600B111B96FF0150010BD33
:1073D000081D00F093F80028F9D1A368032BF6D913
:1073E000F3E72DE9F0410D4607461946281D904662
:1073F0001E4600F094F8044638B13346424629460A
:107400003846A446BDE8F0416047BDE8F08110B4BD
:10741000EFF31182202484F31288BFF36F8F416150
:1074200010BC0121F9F7C8BC38B50C46054658B167
:1074300051B10B6843B14B6833B11C22002101F0FC
:10744000C5FB2C61002038BD6FF01500FBE770B55F
:1074500005460E46FFF7B5FF041E14DBEFF311825D
:10746000202383F31288BFF36F8F6B8B2C8B4FF627
:10747000FF718B4204F0070407D182F31188BFF338
:107480006F8F6FF00A04204670BD022C0CD10133BF
:107490006B8382F31188BFF36F8F0023224631463E
:1074A0002846FFF79EFFEEE7062C14D8DFE804F02D
:1074B00004131313041A0400002333606B683BB9F0
:1074C000C5E90066ACB902212846F9F775FCDAE790
:1074D0001E606E60F6E782F31188BFF36F8F6FF066
:1074E0000404D0E782F31188BFF36F8F6FF0850437
:1074F000C9E782F31188BFF36F8FC4E7034658B121
:10750000426802F00302012A03D0032A04D1026870
:1075100012B10020986070476FF015007047426804
:10752000816002F00302032A4FF0000203460CBF01
:10753000006810465A607047704703785B075FBF6A
:1075400003684288C3F34A2303EB12105DBF173070
:1075500020F007008008002070470020704700F0EE
:1075600001BB0346BFF35B8F53E8000F421C43E8A7
:1075700000210029F8D1BFF35B8F70471FB50023AE
:10758000CDE90201CDE900331A4619461846FAF74B
:1075900049F805B05DF804FB0120F9F7EDBD0020C6
:1075A000704770B5D2E901369B1B8B420C461546DD
:1075B0000AD313680A460146981901F0F9FAAB6834
:1075C0002344AB60204670BD6FF01B00FBE770B535
:1075D0000E4615461946044618B9BDE87040F9F73D
:1075E000CBBD33B1C2F34A231030120D184401F061
:1075F000DFFAC4E900562046BDE87040F9F75ABFEB
:107600002DE9F3415F1C4FEA8708064608F1170091
:1076100020F0070080080C461546F9F721FE0023EC
:10762000ADF805308DF807308DF8047068B1034669
:10763000019A43F8102FA8F104012A46294452F870
:10764000045B43F8045F8A42F9D1A20102F4E072BC
:1076500042EA482222F07F4222F47002002322F004
:107660003F02314602B0BDE8F041FFF7B0BF07B5B9
:107670000123019201AAFFF7C3FF03B05DF804FBE9
:1076800007B5CDE9002302236A46FFF7B9FF03B02F
:107690005DF804FB1FB5CDE90123069B039301AA06
:1076A0000323FFF7ADFF05B05DF804FBF8B5064610
:1076B0000D4614461F4604B9F8BD214628463A46F1
:1076C000B047241A0544F6E710B5426881680446BD
:1076D000D2E900230068FFF7E9FF636800221A601F
:1076E00010BD38B54B681A68CB689A4205460C46FF
:1076F00002D10846FFF7E8FF6368BFF35B8F53E8EA
:10770000002F511C43E800100028F8D1BFF35B8F15
:10771000A3689D54002038BD0A2838B504460D469C
:1077200002D10D20FFF7DDFF29462046FFF7D9FFE4
:10773000002038BD2DE9F043054687B008460E8885
:1077400091F80090D1F808800C461746F9F7BAFF77
:10775000011EC6F38216C9F3C2091EDB4846F9F7BB
:10776000BBFE03462146608851F8102B0196C2F3F8
:107770004A22002A01EB0204C0F30B1008BF0021CB
:107780000022CDE90407CDE90214009241462846C3
:10779000F9F7C4FF07B0BDE8F0830023E2E74368D0
:1077A0001B685B6800201961704743681B681A6892
:1077B0005268536070472DE9F04143681B685A686E
:1077C000012111751D68D5E90136D3E900482F68FC
:1077D0001CB96B681C60BDE8F0812146304642460A
:1077E000B847241A0644F3E743681B681868FAF799
:1077F000FFB870B543681D686B6818690C46F9F7E7
:1078000097FC214603460F222868BDE870401847C0
:1078100001460068FAF7EAB908B5FAF743FABDE895
:107820000840FAF763BA0A460121FFF720BF00219A
:107830000120FAF7DBB961B662B680F31188BFF3B5
:107840006F8F704772B6002383F31188BFF36F8F79
:10785000BFF34F8F30BF62B6BFF36F8F704772B602
:10786000002383F31188BFF36F8FBFF34F8F20BFC7
:1078700080F31188BFF36F8F62B67047202809D953
:10788000B0F1004F08D80138B0FA80F0C0F11F0005
:1078900040007047082070473E20704708B5D1E986
:1078A00004319847002008BD08B5FAF79BFF002077
:1078B00008BD0369C9B20C2201FB0233186C00F049
:1078C0000700704770B5C9B20369EFF31185202432
:1078D00084F31288BFF36F8F0C2606FB0134246CEF
:1078E00014F0C00408D0A24206D085F31188BFF37B
:1078F0006F8F4FF0FF3070BD71430B4401221A644B
:1079000085F31188BFF36F8F43680B445B6898471A
:107910000020F0E78022FFF7D5BFF8B5069F046985
:10792000C9B2EFF31186202585F31288BFF36F8F5C
:107930000C2569430C44256C05F0070CBCF1010FC4
:107940000BD1276486F31188BFF36F8FC4E90E2330
:1079500043685B5898470020F8BD05F0C005AF426A
:1079600086F31188BFF36F8F0CBF6FF077004FF075
:10797000FF30F1E713B580240094FFF7CEFF02B08B
:1079800010BD10B40069CBB21C2403FB040000211D
:1079900010BC10470020FCF7E1B8002000F04DB902
:1079A0001046FEF723B843685B68D3F810350B60C8
:1079B0000020704743685B6802EA010021EA020187
:1079C000C3F80805C3F80C150020704743685B68CE
:1079D0000020C3F80815704743685B680020C3F8AF
:1079E0000C15704743685A68D2F8043521EA030041
:1079F0000B40C2F80805C2F80C350020704710B5DE
:107A000003695868F8B1884219D19C6808685860C1
:107A1000A14200D19860002008602AB15A680A602B
:107A20009A68596002B99960002010E0814206D13D
:107A30000868206098688142EDD19C60EBE70446BD
:107A400000680028F2D1002AE8D16FF0150010BDBF
:107A500037B50446002201210320FAF785FC63684C
:107A6000DD6901AA0021284600F012F800280DDB8C
:107A7000019B2A6819791868FBF79AFB002805DB37
:107A8000204603B0BDE83040FBF7D4BA03B030BDA8
:107A900030B543681360057A446804EBC504A3421B
:107AA00002D36FF0010030BD5C798C4201D0083305
:107AB000F0E70020F7E743681B68D3F88004C3F8B9
:107AC0008004704742681368D3F8100150B1126AFD
:107AD000002012780A70C3F81001D3F81021012297
:107AE0001A6070474FF0FF30704702680346D2F8C3
:107AF000580140B95B68DB0706D4D2F82001003892
:107B000018BF012070470120704743681B68D3F8F5
:107B10000423D20517D5D3F82021A2B1EFF31182A7
:107B2000202181F31288BFF36F8FD3F8201131B178
:107B30000021C3F82011D3F820110121D96082F36C
:107B40001188BFF36F8FD3F85831704700F150039D
:107B50009B009BB203F1804303F5883300221A6037
:107B60001B68704708B5FBF73BFD08BD004700F0F8
:107B7000AABEC00000F1804000F5F830C0F8101532
:107B8000C0F814257047FCF763BCF7B50646F8B19A
:107B900001281BD104224FF4807301464FF080402E
:107BA00003440244C0F808130025012111601D6040
:107BB0008E421B688DF8071008BF0DF1070542F2D1
:107BC00010744FF0804746B1012E23D003B0F0BDB2
:107BD0000C224FF482730221E0E7D7F8183403F443
:107BE00080333DB9002BF1D00120FFF7C0FF013CED
:107BF000F3D1EBE7D7F8182402F003022A60002B38
:107C0000E4D09DF807000128E0D1FFF7B0FF013C68
:107C1000D9D1DBE7D7F80C3403F480333DB9002B1E
:107C2000D4D00120FFF7A3FF013CF3D1CEE7D7F872
:107C30000C2402F001022A70E1E7FFF7A6BFF7B5B6
:107C4000019001A8DDE9084716461D46FCF710F82B
:107C5000019BB6F1000C18BF4FF0010C00EB830044
:107C60000B1E18BF0123002D43EA4C0314BF4FF035
:107C70000C0C4FF0000C002C43EA0C0314BF4FF423
:107C8000E06C4FF0000C002F43EA0C03D0F8002703
:107C900014BF4FF4403C4FF0000C43EA0C0322EABF
:107CA000030301B109780EB13678760019430DB19E
:107CB0002D78AD0031430CB12478240229430FB153
:107CC0003F783F040C433C43C0F8004703B0F0BD8D
:107CD0001FB50DF10F03019300238DF80F100093D2
:107CE0001A461946FFF7ABFF05B05DF804FB38B53F
:107CF000054608460C46FCF70DF8B0B10846FBF700
:107D0000FDFF90B90846FBF7EDFF2A680123834089
:107D1000C2F808332A6803B202EB8303D3F81025B4
:107D200022F00302C3F8102538BD20460021BDE82B
:107D30003840FFF7CDBFFCF773B8FFF7D8BF30B5B9
:107D4000D0F804312BB10023C0F80431D0F804314D
:107D5000012391F82F2022B30022C0F82421D0F86B
:107D60002441C0F81C21D0F81C41C0F80821D0F8EB
:107D70000821002B79D0002281F82D2091F82F20A6
:107D8000002A37D14D6B8C6AA5421FBF0523C0F86E
:107D90000025C0F80035134683F0010381F82F3029
:107DA00028E0D0F8244114B1C0F824210EE0D0F826
:107DB0001C216AB3C0F81C41D0F81C214A6B013267
:107DC0004A63D0F8245145B1C0F82441D0F82421A9
:107DD0000122426181F82F20CBE78C6AA24204D2B3
:107DE0004C6AA25CC0F81C25C3E791F82C201AB19C
:107DF0000123C361002030BD0A6A12F0400F4FF02A
:107E0000010203D0C26181F82D20F3E74261B0E79F
:107E1000D0F80841002CACD0C0F80821D0F80841B7
:107E2000D0F82441002CBFD14A6B8C6AA242A0D268
:107E30004C6AD0F81855A5544A6B8C6A0132651EFD
:107E4000AA424A6308D10A6A540602D40222C0F840
:107E50000022012202628CE7A242FAD10A6A52068B
:107E600087D5022381F82D30C4E70120C3E707B589
:107E7000019001A8FCF772FD019A01239340C0F81C
:107E8000083503B05DF804FB0369C26893429CBFE8
:107E900081685B18013B981A70472DE9F041D0E9E1
:107EA00002840546A8EB04064068964220440F462B
:107EB000144404D900F07CFEEC60BDE8F081324649
:107EC000A4EB080400F074FE68682246B919F1E7D3
:107ED0002DE9F843C5680646894617464FF0000865
:107EE0003369B46870689D4228BF1B19641BBC428B
:107EF00003F1FF3328BF3C465B1B9C4228BF1C4656
:107F000049462844224600F053FEB3682544AB425C
:107F100008BF00253F1BA044A144F560E0D14046C6
:107F2000BDE8F88308B5FCF75BFE002008BDEFF361
:107F30001180202383F31288BFF36F8F704780F383
:107F40001188BFF36F8F704740B1036833B1436846
:107F5000002B14BF00206FF0010070476FF001008C
:107F6000704737B50446FFF7EFFF48B98DF80410A6
:107F70008DF805202568E368207A022201A9A84728
:107F800003B030BD37B50446FFF7DEFF30B93AB174
:107F9000E36800936568207A0123A84703B030BDE9
:107FA0006FF00100FAE770B5C2B00E460446114604
:107FB0001D46FFF7C9FF80B98AB16B1EFF2B0ED893
:107FC0002A460DF105008DF8046000F0F1FD2668E9
:107FD000E368207A6A1C01A9B04742B070BD6FF017
:107FE0000100FAE773B504461D46FFF7ADFF38B947
:107FF00042B13DB1E36800936668207A2B46B047F2
:1080000002B070BD6FF00100FAE77F2900F29680A0
:10801000DFE801F09594949494424446484A4C4ECB
:10802000505294945456585A5C5E60626466686A12
:108030006C9494409494949494949494949494947C
:1080400094949494949494949494949494949494F0
:10805000949494946E70727476787A9494949494C0
:10806000949494947C7E9480828486888A8C8E906A
:1080700094949494949494949494949494949494C0
:1080800094949494949494949494949494949494B0
:1080900094949492013070470230704703307047D7
:1080A000043070470530704706307047073070471E
:1080B00008307047093070470A3070470B307047FE
:1080C0000C3070470D3070470E3070470F307047DE
:1080D00010307047113070471230704713307047BE
:1080E000143070471530704716307047173070479E
:1080F0006C3070476D3070476E3070476F3070472E
:10810000703070477130704772307047733070470D
:1081100074307047753070477630704777307047ED
:1081200078307047793070477A3070477B307047CD
:108130007C3070477D3070477E307047002070473C
:10814000203A0D2A5BD8DFE802F0070D13191F252E
:108150002B31373D43494F550E2303FB010303F1F8
:10816000180070470E2303FB010303F11900704749
:108170000E2303FB010303F11A0070470E2303FBD8
:10818000010303F11B0070470E2303FB010303F1FE
:108190001C0070470E2303FB010303F11D00704711
:1081A0000E2303FB010303F11E0070470E2303FBA4
:1081B000010303F11F0070470E2303FB010303F1CA
:1081C000200070470E2303FB010303F121007047D9
:1081D0000E2303FB010303F1220070470E2303FB70
:1081E000010303F1230070470E2303FB010303F196
:1081F000240070470E2303FB010025307047002048
:1082000070472DE9F74F80460F4601929A460025A8
:10821000BD4201D300201FE06E1CBE421FD818F8DB
:108220000540E4B1631C1D44BD4218D8013C18F858
:108230000690E4B246444FF0000B5FFA8BF08442A4
:10824000E6D9484416F8011F019B5246C0B2984730
:108250000BF1010B0028F0D003B0BDE8F08F6FF0F8
:108260000100F9E738B503461F2B10680D46144688
:1082700006D101F0070222711946FFF7C6FE07E09A
:10828000A3F120020D2AF7D821791A46FFF758FFEB
:1082900028B10378AB421EBF6379013363710020BC
:1082A00038BD00207047F8B50546A5F120030D2B19
:1082B00050680E46174611D841782A46FFF740FF0E
:1082C000044648B10378B34206D03868324629469E
:1082D000FFF747FE08B926700020F8BD2946FFF7D2
:1082E00094FEEDE710B50446A0B17F22002100F016
:1082F0006DFCFF231D222371A2716372A372022100
:1083000004F154030022E17622770E349C42FAD124
:10831000002010BD6FF00100FBE7F0B50C4687B000
:108320000546002800F0C081002900F0BD810DF154
:1083300007020521FFF726FE002840F0B3819DF8D3
:108340000730A3700DF1070206212846FFF71AFE39
:10835000002840F0A7819DF80730E3700DF1070277
:1083600007212846FFF70EFE002840F09B819DF86C
:10837000073023710DF1070208212846FFF702FE9E
:10838000002840F08F819DF8073063710DF10702DE
:1083900009212846FFF7F6FD002840F083819DF86B
:1083A0000730A3710DF107020A212846FFF7EAFD05
:1083B000002840F077819DF80730E3710DF1070246
:1083C0000B212846FFF7DEFD002840F06B819DF869
:1083D0000730237202AA02230C212846FFF702FE6F
:1083E000002840F05F819DF8083063729DF80930E5
:1083F000A37202AA052310212846FFF7F3FD0028E7
:1084000040F050819DF80830E3729DF809302373E5
:108410009DF80A3063739DF80B30A3739DF80C3000
:10842000E37302AA042315212846FFF7DBFD002889
:1084300040F038819DF8083023749DF8093063744A
:108440009DF80A30A3749DF80B30E37402AA02234E
:1084500019212846FFF7C6FD002840F023819DF82A
:10846000083023759DF8093063750DF107021B2153
:108470002846FFF787FD002840F014819DF807305B
:10848000A3750DF107021C212846FFF77BFD00288C
:1084900040F008819DF80730E37526460746FAB29A
:1084A0001F212846FFF75DFD002840F0FB800E23CA
:1084B00002AA20212846FFF795FD002840F0F2800F
:1084C0009DF8083033769DF8093073769DF80A30B0
:1084D000B3769DF80B30F3769DF80C3033779DF82A
:1084E0000D3073779DF80E30B3779DF80F30F3772A
:1084F0009DF8103086F820309DF8113086F8213034
:108500009DF8123086F822309DF8133086F823301B
:1085100001379DF8143086F82430062F9DF8153069
:1085200086F8253006F10E06B9D102461F212846ED
:10853000FFF717FD002840F0B58060700DF10702CD
:1085400040212846FFF71EFD002840F0AB809DF833
:10855000073084F86C300DF1070241212846FFF7FF
:1085600011FD002840F09E809DF8073084F86D30A2
:108570000DF1070242212846FFF704FD002840F0D4
:1085800091809DF8073084F86E300DF10702432189
:108590002846FFF7F7FC002840F084809DF807305C
:1085A00084F86F300DF1070244212846FFF7EAFCFA
:1085B000002877D19DF8073084F870300DF107025C
:1085C00045212846FFF7DEFC00286BD19DF80730D7
:1085D00084F871300DF1070246212846FFF7D2FCDE
:1085E00000285FD19DF8073084F872300DF1070242
:1085F00050212846FFF7C6FC002853D19DF80730CC
:1086000084F873300DF1070251212846FFF7BAFCB8
:10861000002847D19DF8073084F8743002AA04235B
:1086200053212846FFF7DEFCE0BB9DF8083084F8B4
:1086300075309DF8093084F876309DF80A3084F85A
:1086400077309DF80B3084F878300DF10702572110
:108650002846FFF797FC28BB9DF8073084F879304F
:1086600002AA042358212846FFF7BCFCD0B99DF884
:10867000083084F87A309DF8093084F87B309DF812
:108680000A3084F87C309DF80B3084F87D300DF191
:1086900007027F212846FFF775FC18B99DF80730BF
:1086A00084F87E3007B0F0BD6FF00100FAE7F8B54E
:1086B0000E4617461D4670B169B11A463946FFF796
:1086C00050FC044628B939463046FFF79EFC00B1FD
:1086D00005702046F8BD6FF00104FAE707B570B1E8
:1086E0000DF107020121FFF74DFC28B99DF8073075
:1086F000742B18BF6FF0020003B05DF804FB6FF03D
:108700000100F9E773B50E4615461C4698B10323E0
:1087100001AA0221FFF766FC58B916B19DF8043092
:10872000337015B19DF805302B7014B19DF80630EB
:10873000237002B070BD6FF00100FAE7F7B50C4688
:1087400017461E46054610B309B303B3052A1ED8C3
:108750001F21FFF706FCC0B9022301AA2E212846DB
:10876000FFF740FC88B90E2202FB07449DF8043055
:10877000A27EC2F34102022A18BFBDF80430338042
:1087800000221F212846FFF7ECFB03B0F0BD6FF07D
:108790000100FAE72DE9F74FDDF830800F46144667
:1087A00099460646B8B3B1B3ABB3B8F1000F32D0B7
:1087B00002EB0803B3F5807F2DD80025E20914BF32
:1087C000C4F58073C4F18003A8EB050B14BFA24667
:1087D00084F0800A9B4528BF9B4697F87E309342E1
:1087E00008D07F2130460192FFF7BBFB80B9019A88
:1087F00087F87E205B4609EB050251463046FFF7BD
:10880000D2FB28B95D44A845A3445FFA8BF4D5D8C0
:1088100003B0BDE8F08F6FF00100F9E718B1FF2257
:108820000021FFF79EBB6FF001007047FEF71FBFEE
:10883000FDF714B8FDF78AB808B100691030704729
:108840002DE9F341046904F190080D4616461F46D0
:1088500040464FF0FF324FF0FF33FFF7E9FF33465A
:1088600004F110012A4600972046FFF793FFFCF71A
:1088700059FA04464046FFF7DDFF204602B0BDE846
:10888000F081F8B5052906690C46154618D8BAB125
:1088900006F190074FF0FF324FF0FF333846FFF7F5
:1088A000C7FF2B46224606F110013046FFF746FF70
:1088B000FCF738FA04463846FFF7BCFF2046F8BDFF
:1088C0006FF01504FAE708B1F9F7BEBF70477047BB
:1088D00040B1C368587810F001001EBF1878B0FA94
:1088E00080F040097047EFF31183202383F312884F
:1088F000BFF36F8FFEE710B5D0E9003433B9002025
:10890000E268537843F00103537010BD2046984746
:108910000028F4D00028B8BF4042E368FF28A8BF71
:10892000FF201870ECE700F051B900F041B9704732
:1089300008B52024EFF3118384F31288BFF36F8FFF
:10894000FEF780FFF6E790F90E308B4201D0FDF77D
:1089500059BA0020704703460020C3E90200C3E96A
:10896000003370473AB18A4205D3C0E90212C0E928
:108970000000002070476FF015007047EFF305808E
:10898000003818BF0120704774307047D0E90032BA
:1089900013605A600023C0E90033704708B5FFF741
:1089A000F5FF437B23F0020343730023836008BD7C
:1089B00038B504460D46FDF787F9637B43F00203A3
:1089C0006373E5B1A5602B689D4209D16B68C4E96A
:1089D00000531C606C6012E06A689A42F6D01B6813
:1089E000002BF3D094F90E2093F90E108A42F3D0A5
:1089F0009142F1DD5A68C4E9003214605C6038BD10
:108A000010B5EFF31184202383F31288BFF36F8F27
:108A1000FDF712F984F31188BFF36F8F10BD08B50D
:108A2000EFF31181202282F31288BFF36F8F8368E6
:108A30000BB1FFF7B3FF81F31188BFF36F8F08BD50
:108A400010B50146EFF31184202383F31288BFF39E
:108A50006F8F437B13F0280F0AD183680BB1FFF7A8
:108A60009DFF4B7B23F004034B730846FDF7E4F8AE
:108A700084F31188BFF36F8F10BD01211838FFF701
:108A8000DFBF08B50346EFF31181202282F312887D
:108A9000BFF36F8F0068834207D008B1FFF77EFFF6
:108AA00081F31188BFF36F8F08BD0020F8E738B558
:108AB0000C460546FDF7AEFAB4F1FF3F08BFB5F12D
:108AC000FF3F1FBF47F6FF7300224FF47A71C0FBD0
:108AD00001321ABFD80B40EA42404FF0FF3038BD98
:108AE00010B5FDF74FFC0446FDF754FC74B1D4E912
:108AF00004321B1A62EBE072B3F1004F72F1000115
:108B000004DA002AACBF1846002010BD6FF0004008
:108B1000FBE738B50246EFF31185202383F3128873
:108B2000BFF36F8F036893B1FDF72CFC044610462A
:108B3000FDF73AFC844204D1FFF7D2FF0021FAF797
:108B4000BBFE002085F31188BFF36F8F38BD6FF037
:108B50001500F7E708B5FDF717FD08BDFDF714BDD3
:108B60000023C0E9081200F11802C0E90622C0E99A
:108B7000003303634363704710B50446FFF7C9FF32
:108B8000A8B9636A0BB12046984704F11800FFF7B3
:108B900078FF60B1FFF734FFEFF31180202383F3F8
:108BA0001288BFF36F8FBDE81040FDF78BB910BD81
:108BB0000A44914200F1FF3300D1704710B511F81B
:108BC000014B03F8014F9142F9D110BD0244034615
:108BD000934200D1704703F8011BF9E710B5013942
:108BE000044632B111F8013F00F8013B013A002B75
:108BF000F7D10021FFF7EAFF204610BD10B502466D
:108C000001448A42134603D01C780132002CF8D16B
:108C1000181A10BDF0B5C3F137070446FFB203F0D0
:108C20001F031046082BE6B233D0102B3ED0650848
:108C3000A40844EA817445EAC1752D194FEA9102EE
:108C400042EB5102290941EA02716D1842EB1212FE
:108C5000290A41EA02616D1842EB1222290C41EA0D
:108C600002416D1842EB1242AD1842F10002EC08CD
:108C700044EA4274D10804EB8402A6EB4205EDB24B
:108C8000092D0CD90134A5F10A0541F10001EDB21D
:108C900012E0E40844EA417406F00705C9083035DB
:108CA00054EA010200F8015BBCD1F0BD240944EA9A
:108CB000017406F00F050909092D84BFED19EDB205
:108CC000EDE7D1E9043293421EBF5A1C0A611870C5
:108CD000704700000148006870470000800D0020C8
:108CE0005474FF7F010000003128000000000000E4
:108CF00005290000508D0000257F000000000000C5
:108D00001D2D0000788D00001D2D0000648D0000D9
:108D1000D53300008C8D00006D2B0000000000009A
:108D2000CD2B0000000000005537000000000000BF
:108D300039100000000000000D28000000000000B5
:108D4000517A0000A08D0000154E0000B48D000087
:108D50003F9C00008C910000848F00008C05002057
:108D6000B40D0020689C0000A4910000488F000012
:108D70008E050020080E0020769C0000BC910000AB
:108D8000488F000090050020140E0020219D000057
:108D900010920000A08F000094050020200E0020FB
:108DA000889C0000D49100006C8F00009205002088
:108DB000E0040020DEA0000074920000000000002B
:108DC000960500207C0E0020053C00006D7B000015
:108DD000000000002F7800008C8D00000B7B00004D
:108DE000854800006D7B0000000000002F78000027
:108DF000000000002F780000954200006D7B00000D
:108E0000000000002F780000000000002F78000014
:108E1000000000002F780000000000002F78000004
:108E2000000000002F780000000000002F780000F4
:108E3000000000002F780000000000002F780000E4
:108E4000000000002F780000000000002F780000D4
:108E500000000000E5370000000000002F7800004F
:108E6000000000002F780000000000002F780000B4
:108E7000000000002F780000000000002F780000A4
:108E8000000000002F780000000000002F78000094
:108E9000000000002F780000000000002F78000084
:108EA000000000002F780000000000002F78000074
:108EB000000000002F780000000000002F78000064
:108EC000000000002F780000000000002F78000054
:108ED000000000002F780000000000002F78000044
:108EE000000000002F780000000000002F78000034
:108EF000000000002F780000000000002F78000024
:108F0000000000002F780000000000002F78000013
:108F1000000000002F780000000000002F78000003
:108F2000000000002F780000000000002F780000F3
:108F3000000000002F780000000000002F780000E3
:108F4000000000002F780000B12D0000A77900007C
:108F5000B5790000CD790000D9790000E5790000ED
:108F60001D2C0000FF79000000000000953000007B
:108F700000000000752F000000000000000000004D
:108F8000DD3000005D2900001579000075790000D2
:108F900000000000B37800000000000000000000A6
:108FA000C57A000021330000B77A00008B950000DD
:108FB0000300000032960000030000005A9C0000ED
:108FC00003000000849C000003000000959C00004A
:108FD000030000004B960000030000004F960000C5
:108FE000030000008797000003000000DF9B0000E3
:108FF00003000000E6A0000003000000C8A100007C
:10900000030000003B9C0000030000002F9D0000B7
:1090100003000000F4900000440D0020669700005B
:109020000100000038910000C8040020769700007D
:1090300001000000040000000F000000010000001B
:109040000800000020000000600000007000000028
:109050000D0000000C0000000E0000005000000099
:1090600074000000A8000000FFFFFFFFFFFFFFFFEC
:08907000FFFFFFFFFFFFFFFF00
:1090800020002101220223032404250526062707A8
:10909000280829092A0A2B0B2C0C2D0D0000000092
:1090A0000338FDD87047000098060020000100003A
:1090B000997500003B750000020000003577000044
:1090C00000000000000000000000000000000000A0
:1090D000469700004E9700000000000000000000CE
:1090E00000000000569700005A9700005E970000AD
:1090F00062970000991A00008D1A0000BD1A000046
:10910000751A000000000000811A00000000000035
:10911000191B00004C0D0020580F0020100000000B
:10912000289100005C0D0020A11B0000740D0020A0
:10913000680F002001000000F3770000E9770000CD
:10914000B7770000AB770000000000009F770000B9
:1091500000000000C00400200000000000000B061A
:109160000200000068910000000000002C9C00003C
:109170002400020700000020349C000020000B1196
:109180008D2800005D28000000000000DD2900009F
:10919000D12800004E9C0000957900009B790000CA
:1091A000549C0000FF03000000030050000000007A
:1091B000010000000060004000000000FFFFFFFF12
:1091C00000000050000000000000000000600040AF
:1091D000000000000030004000000000000000001F
:1091E0000000000000009801000001013D2F000078
:1091F000F4910000003000400092000001000000E7
:1092000008920000020000001A00000C1B00000B76
:109210000020004001000000000000003492000027
:109220000000D60100000000000000006C0F0020CC
:109230006B0F002000200040409200000100000061
:10924000489200000300000006000000080600012C
:10925000070600037BA000008AA0000099A0000080
:10926000A8A000007BA00000B0A00000C2A00000E9
:10927000CEA00000A08D00003C00000074A1000002
:1092800082A1000096A10000A5A10000B1A10000EC
:10929000E88C0000E88C0000288D0000308D000074
:1092A000508D0000508D00002D2D2D206E505A3213
:1092B0003130302073616D706C6520626F6F742087
:1092C0002D2D2D006E505A32313030206465766974
:1092D0006365206E6F7420726561647920E280940A
:1092E0002077616974696E6720666F722077617498
:1092F0006368646F6700626F6F745F737461747525
:1093000073206661696C65643A20256420E280946C
:109310002063616E6E6F742064657465726D696E32
:10932000652077616B6520726561736F6E00726591
:1093300061646261636B206661696C65643A2025D3
:1093400064006170706C795F7265676D6170206632
:1093500061696C65643A20256400506F7765722DF1
:109360006F6E2072657365742064657465637465DF
:109370006420E280942077726974696E672053528A
:10938000414D20696E697420636F6D6D616E647309
:10939000005352414D207772697465206661696C93
:1093A00065643A202564007065726970685F726553
:1093B00061645F76616C756520736C6F74202564E1
:1093C000206661696C65643A2025640050657269A5
:1093D00070686572616C2025643A207261773D3057
:1093E000782530345820287E25642E25303364209B
:1093F000C2B043290054696D6520636F756E746552
:109400007220616C61726D206669726564004261F0
:109410007474657279206C6F7720E2809420696E95
:109420006372656173696E6720706F6C6C696E67DB
:1094300020706572696F6420746F20636F6E73654E
:1094400072766520656E6572677900506572697025
:10945000686572616C203120706572696F643A20B2
:10946000257520E286922025752073797374656DC9
:1094700020636C6F636B7300506572696F6469631E
:109480002074696D652D6F75742077616B6520E2BE
:109490008094206E6F7468696E6720746F2070729C
:1094A0006F6365737300736861646F775F666C7573
:1094B0007368206661696C65643A202564005265B2
:1094C0007475726E696E6720746F2069646C6520B4
:1094D000E28094206E5246353238333320706F77F5
:1094E00065722077696C6C20626520637574006515
:1094F0006E7465725F69646C65206661696C656431
:109500003A20256420E280942077616974696E674F
:1095100020666F72207761746368646F6700010072
:109520000A050000FF001D0304FF010F1F000100DA
:10953000000001014800201C0000080F1F01001559
:1095400000020000000000000000000F1F02002ABF
:1095500000020000000000000000000F1F03003F99
:1095600000020000000000000000000F1F040000C7
:1095700000020000000000000000000F1F050000B6
:109580000002000000000000000000617070002870
:10959000756E7369676E6564292063686172202A3D
:1095A000207573656420666F7220252570206172B6
:1095B00067756D656E742E2049742773207265631C
:1095C0006F6D6D656E64656420746F206361737484
:1095D00020697420746F20766F6964202A20626588
:1095E0006361757365206974206D617920636175AD
:1095F0007365206D69736265686176696F72206951
:109600006E206365727461696E20636F6E66696750
:1096100075726174696F6E732E20537472696E6710
:109620003A2225732220617267756D656E743A2542
:10963000640063627072696E74665F7061636B610F
:109640006765006C6F6767696E67006C6F67006CB9
:109650006F675F6D676D74004D657373616765203B
:109660002822257322292064726F7070656420623D
:1096700065636175736520697420657863656564E9
:10968000732073697A65206C696D69746174696FA0
:109690006E2028257529004D657373616765206408
:1096A000726F7070656420626563617573652069AF
:1096B0007420657863656564732073697A65206CCE
:1096C000696D69746174696F6E2028257529000DB4
:1096D0000A001B5B306D00257320005B2530386C61
:1096E000755D20005B253032753A253032753A259C
:1096F0003032752E253033752C253033755D2000C2
:1097000025732F003C25733E200025733A20002549
:109710003032782000202020007C00256300206D5E
:10972000657373616765732064726F707065642020
:109730002D2D2D0D0A1B5B306D001B5B313B333132
:109740006D2D2D2D20001B5B313B33316D001B5BDC
:10975000313B33336D006572720077726E00696E53
:109760006600646267006C6F675F6261636B656E61
:10977000645F727474006C6F675F6261636B656EC7
:10978000645F75617274006C6F675F7561727400FD
:109790002A2A2A20426F6F74696E67206E52462013
:1097A000436F6E6E6563742053444B2076332E30C6
:1097B0002E322D3839626131323934616339622099
:1097C0002A2A2A0A002A2A2A205573696E67205AF3
:1097D0006570687972204F532076342E302E3939D7
:1097E0002D663739316334396634393263202A2A99
:1097F0002A0A0072302F61313A2020307825303823
:1098000078202072312F61323A202030782530388C
:1098100078202072322F61333A202030782530387A
:10982000780072332F61343A202030782530387830
:10983000207231322F69703A202030782530387804
:10984000207231342F6C723A2020307825303878ED
:109850000020787073723A202030782530387800F4
:109860004661756C74696E6720696E737472756396
:1098700074696F6E2061646472657373202872313D
:10988000352F7063293A2030782530387800556EAE
:1098900068616E646C6564204952516E3A2025649B
:1098A000002A2A2A2A2A20425553204641554C5440
:1098B000202A2A2A2A2A002020537461636B696EA9
:1098C00067206572726F72002020556E7374616339
:1098D0006B696E67206572726F720020205072652E
:1098E00063697365206461746120627573206572B9
:1098F000726F7200202042464152204164647265BA
:1099000073733A2030782578002020496D70726595
:109910006369736520646174612062757320657288
:10992000726F72002020496E737472756374696F70
:109930006E20627573206572726F72002020466C13
:109940006F6174696E672D706F696E74206C617AD7
:1099500079207374617465207072657365727661C5
:1099600074696F6E206572726F72002A2A2A2A2A21
:10997000205553414745204641554C54202A2A2A18
:109980002A2A0020204469766973696F6E20627903
:10999000207A65726F002020556E616C69676E6574
:1099A00064206D656D6F7279206163636573730008
:1099B00020204E6F20636F70726F636573736F72D8
:1099C00020696E737472756374696F6E7300202002
:1099D000496C6C6567616C206C6F6164206F6620F8
:1099E0004558435F52455455524E20696E746F205E
:1099F0005043002020496C6C6567616C207573656D
:109A0000206F662074686520455053520020204125
:109A10007474656D707420746F20657865637574F7
:109A20006520756E646566696E656420696E737421
:109A300072756374696F6E002A2A2A2A2A204D5093
:109A400055204641554C54202A2A2A2A2A002020F3
:109A5000537461636B696E67206572726F72202840
:109A6000636F6E746578742061726561206D6967DB
:109A70006874206265206E6F742076616C69642959
:109A80000020204461746120416363657373205634
:109A9000696F6C6174696F6E0020204D4D464152B4
:109AA00020416464726573733A2030782578002011
:109AB00020496E737472756374696F6E20416363BD
:109AC0006573732056696F6C6174696F6E005265BF
:109AD00073657276656420457863657074696F6E2E
:109AE00020280053707572696F757320696E7465F4
:109AF000727275707420284952512000535053459A
:109B00004C20696E20746872656164206D6F6465B5
:109B100020646F6573206E6F7420696E6469636181
:109B2000746520505350002A2A2A2A2A204841527C
:109B300044204641554C54202A2A2A2A2A00202013
:109B4000427573206661756C74206F6E2076656354
:109B5000746F72207461626C6520726561640020AC
:109B6000204465627567206576656E740020204626
:109B700061756C7420657363616C6174696F6E20CC
:109B8000287365652062656C6F77290041524348F0
:109B90005F45584345505420776974682072656169
:109BA000736F6E2025780A002A2A2A2A2A20446503
:109BB000627567206D6F6E69746F7220657863657A
:109BC0007074696F6E202A2A2A2A2A002A2A2A2AD1
:109BD0002A20257320256429202A2A2A2A2A006D72
:109BE0007075004661696C656420746F20616C6CEF
:109BF0006F63617465206E6577204D5055207265E6
:109C000067696F6E2025750A005061727469746906
:109C10006F6E2025753A2073616E697479206368D0
:109C200065636B206661696C65642E00464C415328
:109C3000485F30005352414D5F3000736F630063E3
:109C40006C6F636B403430303030303030006866D9
:109C5000636C6B006C66636C6B00636C6F636B5F53
:109C6000636F6E74726F6C006770696F403530306F
:109C70003030333030006770696F4035303030300D
:109C80003030300069326300693263403430303044
:109C900033303030006932635F6E7266785F74779C
:109CA00069004661696C656420746F20696E69742F
:109CB00069616C697A65206465766963653A202517
:109CC0007300756E737570706F7274656420737055
:109CD0006565640031302D6269742049324320414A
:109CE0006464722064657669636573206E6F7420A6
:109CF000737570706F72746564000001020304056F
:109D000006074661696C656420746F20616C6C6F36
:109D10006361746520505049204368616E6E656CC4
:109D2000007561727440343030303230303000753C
:109D30006172745F6E7266785F756172746500003F
:109D4000202A2A2A2A2A2A2A2A2A2A2A2A2A2A00A7
:109D5000015465726D696E616C00000000000000C6
:109D600054545220524547474553004932432072CC
:109D7000656164207265673D307825303258206C0B
:109D8000656E3D257A75206572723D256400493205
:109D900043207772697465207265673D307825309D
:109DA0003258206C656E3D257A75206572723D25AE
:109DB000640049324320627573202573206E6F74EE
:109DC00020726561647900536861646F7720696E01
:109DD0006974206661696C65643A202564006E5080
:109DE0005A32313030206E6F7420666F756E642089
:109DF0006F6E20257320402030782530325820287F
:109E000065727220256429006E505A32313030203C
:109E10007265616479206F6E202573204020307850
:109E20002530325800626F6F745F7374617475739C
:109E30003A205354412072656164206661696C6503
:109E4000643A20256400626F6F745F737461747587
:109E5000733A20535441313D3078253032582053E5
:109E60005441323D30782530325820535441333DEF
:109E700030782530325800202072657365745F7326
:109E800072633A2025732028307825303258290013
:109E90002020736F66745F72657365745F7372639D
:109EA0003A20257320283078253032582900202088
:109EB00057616B653A207065726970686572616C94
:109EC00020256420747269676765726564002020CC
:109ED00057616B653A204144433120746872657361
:109EE000686F6C6400202057616B653A20414443E1
:109EF00032207468726573686F6C6400202057614B
:109F00006B653A2041444333202862617474657262
:109F10007929207468726573686F6C64002020571B
:109F2000616B653A20706572696F6469632074695A
:109F30006D652D6F757400202057616B653A207434
:109F4000696D6520636F756E74657220616C6172F6
:109F50006D00202057616B653A206576656E742030
:109F6000636F756E74657200202057616B653A20CF
:109F70005352414D206C6F67206172656120667598
:109F80006C6C00202057616B653A20706F776572AA
:109F90002D6177617265206D6F64652061637469FE
:109FA00076650020204E414B3A2020706572697022
:109FB000686572616C20256420646964206E6F742A
:109FC0002061636B6E6F776C65646765204932430F
:109FD000006170706C795F7265676D61703A206DB9
:109FE000616C666F726D656420627974652073744C
:109FF0007265616D006170706C795F7265676D612B
:10A00000703A2064657669636520696E2073796EA5
:10A01000632C206E6F7468696E6720777269747440
:10A02000656E006170706C795F7265676D61703A22
:10A0300020257520726567697374657228732920FD
:10A040007772697474656E00456E746572696E67C7
:10A050002069646C6520E28094206E524635323867
:10A06000333320706F7765722077696C6C2062657E
:10A070002063757400FF8CEDEAFB00506F7765720A
:10A080002D6F6E2072657365740049324320736FC3
:10A090006674207265736574005761746368646FD9
:10A0A0006720726573657400496E76616C6964003F
:10A0B00045787465726E616C204E525354207069FD
:10A0C0006E0049324320636F6D6D616E64004272B1
:10A0D0006F776E2D6F7574207265736574004E50C6
:10A0E0005A32313030006E707A323130300048618F
:10A0F0006C74696E672073797374656D00556E6B4F
:10A100006E6F776E206572726F7200756E6B6E6F18
:10A11000776E003E3E3E205A4550485952204641F7
:10A1200054414C204552524F522025643A20257309
:10A13000206F6E20435055202564004661756C7475
:10A1400020647572696E6720696E746572727570CD
:10A15000742068616E646C696E670A004375727280
:10A16000656E74207468726561643A2025702028D9
:10A170002573290043505520657863657074696FB5
:10A180006E00556E68616E646C656420696E7465FE
:10A19000727275707400537461636B206F766572B0
:10A1A000666C6F77004B65726E656C206F6F7073B5
:10A1B000004B65726E656C2070616E696300696446
:10A1C0006C65006D61696E006F7300286E756C6C54
:0CA1D00029002A666C6F61742A000000F0
:10A1E400AB6E00005B7500002091000000000000D1
:10A1F40000000000A978000000000000000000003A
:10A2040000000000E4040020E40400200100000039
:10A2140001000000F4040020F40400200000000009
:10A224000100000000000000000000000000000029
:10A23400000000000000000000000000000000001A
:10A24400000000000000000000000000000000000A
:10A2540000000000000000000000000000000000FA
:10A2640000000000000000000000000000000000EA
:10A2740000000000000000000000000000000000DA
:10A2840000000000000000000000000008000000C2
:10A29400FF000000000000000300000000000000B8
:10A2A400FFFF0F008405002084050020000000004B
:10A2B400000000000000000000000000000000009A
:10A2C400000000000000000000000000000000008A
:10A2D400000000000000000000000000000000007A
:10A2E400000000000000000000000000000000006A
:10A2F40000000000D4050020D40500200000000068
:08A304000100000015E015E066
:00000001FF
